-- phpMyAdmin SQL Dump
-- version 4.8.4
-- https://www.phpmyadmin.net/
--
-- 主機: 127.0.0.1
-- 產生時間： 2019 年 06 月 04 日 13:10
-- 伺服器版本: 10.1.37-MariaDB
-- PHP 版本： 7.1.26

SET SQL_MODE = "NO_AUTO_VALUE_ON_ZERO";
SET AUTOCOMMIT = 0;
START TRANSACTION;
SET time_zone = "+00:00";


/*!40101 SET @OLD_CHARACTER_SET_CLIENT=@@CHARACTER_SET_CLIENT */;
/*!40101 SET @OLD_CHARACTER_SET_RESULTS=@@CHARACTER_SET_RESULTS */;
/*!40101 SET @OLD_COLLATION_CONNECTION=@@COLLATION_CONNECTION */;
/*!40101 SET NAMES utf8mb4 */;

--
-- 資料庫： `go_camping`
--

-- --------------------------------------------------------

--
-- 資料表結構 `admins`
--

CREATE TABLE `admins` (
  `sid` int(11) NOT NULL COMMENT '流水號',
  `admin_id` varchar(20) NOT NULL COMMENT '帳號',
  `password` varchar(20) NOT NULL COMMENT '密碼'
) ENGINE=InnoDB DEFAULT CHARSET=utf8;

--
-- 資料表的匯出資料 `admins`
--

INSERT INTO `admins` (`sid`, `admin_id`, `password`) VALUES
(1, 'jennifer', 'admin'),
(2, 'admin', 'admin');

-- --------------------------------------------------------

--
-- 資料表結構 `campsite_image`
--

CREATE TABLE `campsite_image` (
  `campImg_id` int(11) NOT NULL COMMENT '圖片編號',
  `camp_id` int(11) NOT NULL COMMENT '營地編號',
  `camp_image` text COLLATE utf8_unicode_ci NOT NULL COMMENT '營地照片',
  `camp_name` varchar(255) COLLATE utf8_unicode_ci NOT NULL COMMENT '營地名稱',
  `campImg_name` varchar(255) COLLATE utf8_unicode_ci NOT NULL COMMENT '圖片名稱',
  `campImg_file` varchar(255) COLLATE utf8_unicode_ci NOT NULL COMMENT '圖片資料夾',
  `campImg_path` varchar(255) COLLATE utf8_unicode_ci NOT NULL COMMENT '圖片路徑'
) ENGINE=InnoDB DEFAULT CHARSET=utf8 COLLATE=utf8_unicode_ci;

--
-- 資料表的匯出資料 `campsite_image`
--

INSERT INTO `campsite_image` (`campImg_id`, `camp_id`, `camp_image`, `camp_name`, `campImg_name`, `campImg_file`, `campImg_path`) VALUES
(2, 0, 'upload/12330.jpg', '菁山遊憩區', '營區環境_2', '湛藍的天空下，陽光燦爛地做著背景', ''),
(3, 0, 'upload/2367 (1).jpg', '菁山遊憩區', '營區配置圖', '營區配置圖', ''),
(4, 0, 'upload/11229.jpg', '何方神聖慢活營', '營區環境_1', '位於福山部落的多烈山谷秘境', ''),
(5, 0, 'upload/11218.jpg', '何方神聖慢活營', '營區環境_2', '緊鄰大羅蘭溪畔 保留原始自然環境 依山傍水美不勝收', ''),
(6, 0, 'upload/2349.jpg', '何方神聖慢活營', '營區配置圖', '營區配置圖', ''),
(7, 0, 'upload/6981.jpg', '確幸莊園 Treasure Manor', '營區環境_1', '夢幻美景 盡收眼底', ''),
(8, 0, 'upload/6982.jpg', '確幸莊園 Treasure Manor', '營區環境_2', '池畔旁露營的獨特感受', ''),
(9, 0, 'upload/1637.jpg', '確幸莊園 Treasure Manor', '營區配置圖', '營區配置圖', ''),
(10, 0, 'upload/10643.jpg', '長青谷大自然園區', '營區環境_1', '近郊營地 離大台北僅20分鐘車程 交通方便', ''),
(11, 0, 'upload/625 (1).jpg', '長青谷大自然園區', '營區環境_2', '天然的活水芬多精', ''),
(12, 0, 'upload/625.jpg', '長青谷大自然園區', '營區配置圖', '營區配置圖', ''),
(13, 0, 'upload/12452.jpg', '馬塔大文化露營區', '營區環境_1', '依山傍水 無邊際山景的森林小秘境', ''),
(14, 0, 'upload/18959.jpg', '馬塔大文化露營區', '營區環境_2', '翠綠山巒 遠離塵囂清新舒暢', ''),
(15, 0, 'upload/625.jpg', '馬塔大文化露營區', '營區配置圖', '營區配置圖', ''),
(16, 0, 'upload/624 (1).jpg', '文山農場', '營區環境_1', '至今已超過一百年的歷史，日據時代為台灣的茶葉指導所', ''),
(17, 0, 'upload/13249.jpg', '文山農場', '營區環境_2', '全台賞螢的絕佳地點', ''),
(18, 0, 'upload/624.jpg', '文山農場', '營區配置圖', '營區配置圖', ''),
(33, 1, 'campsite1.jpg', '楓之谷', '123', '翠綠山巒 遠離塵囂清新舒暢', ''),
(34, 2, 'campsite2.jpg', '露營區', '森林', '森林系最愛 林蔭圍繞', ''),
(35, 3, 'campsite3.jpg', '楓之谷', '瀑布', '沿途山林優美 空氣清新', ''),
(36, 5, 'campsite5.jpg', '九甲林露營區', '水池01', '沿途山林優美 空氣清新1111', ''),
(38, 6, 'campsite6.jpg', '阿里山', '森林', '123', ''),
(39, 7, 'campsite7.jpg', '', '', '', ''),
(40, 10, 'campsite10.jpg', '', '', '', ''),
(41, 11, 'campsite11.jpg', '', '', '', ''),
(43, 1, 'campsite1_1.jpg', '楓之谷', '123', '翠綠山巒 遠離塵囂清新舒暢', ''),
(44, 2, 'campsite2_1.jpg', '露營區', '森林', '森林系最愛 林蔭圍繞', ''),
(45, 3, 'campsite3_1.jpg', '楓之谷', '瀑布', '沿途山林優美 空氣清新', ''),
(46, 5, 'campsite5_1.jpg', '九甲林露營區', '水池01', '沿途山林優美 空氣清新1111', ''),
(47, 6, 'campsite6_1.jpg', '阿里山', '森林', '123', ''),
(48, 7, 'campsite7_1.jpg', '', '', '', ''),
(49, 10, 'campsite10_1.jpg', '', '', '', ''),
(50, 11, 'campsite11_1.jpg', '', '', '', ''),
(52, 1, 'campsite1_2.jpg', '楓之谷', '123', '翠綠山巒 遠離塵囂清新舒暢', ''),
(53, 2, 'campsite2_2.jpg', '露營區', '森林', '森林系最愛 林蔭圍繞', ''),
(54, 3, 'campsite3_2.jpg', '楓之谷', '瀑布', '沿途山林優美 空氣清新', ''),
(55, 5, 'campsite5_2.jpg', '九甲林露營區', '水池01', '沿途山林優美 空氣清新1111', ''),
(56, 6, 'campsite6_2.jpg', '阿里山', '森林', '123', ''),
(57, 7, 'campsite7_2.jpg', '', '', '', ''),
(58, 10, 'campsite10_2.jpg', '', '', '', ''),
(59, 11, 'campsite11_2.jpg', '', '', '', ''),
(61, 12, 'campsite12.jpg', '楓之谷', '123', '翠綠山巒 遠離塵囂清新舒暢', ''),
(62, 12, 'campsite12_1.jpg', '露營區', '森林', '森林系最愛 林蔭圍繞', ''),
(63, 12, 'campsite12_2.jpg', '楓之谷', '瀑布', '沿途山林優美 空氣清新', ''),
(64, 13, 'campsite13.jpg', '九甲林露營區', '水池01', '沿途山林優美 空氣清新1111', ''),
(65, 13, 'campsite13_1.jpg', '阿里山', '森林', '123', ''),
(66, 13, 'campsite13_2.jpg', '', '', '', ''),
(70, 15, 'campsite15_1.jpg', '楓之谷', '123', '翠綠山巒 遠離塵囂清新舒暢', ''),
(71, 15, 'campsite15.jpg', '露營區', '森林', '森林系最愛 林蔭圍繞', ''),
(72, 15, 'campsite15_2.jpg', '楓之谷', '瀑布', '沿途山林優美 空氣清新', ''),
(76, 17, 'campsite17.jpg', '', '', '', ''),
(77, 17, 'campsite17_1.jpg', '', '', '', ''),
(78, 17, 'campsite17_2.jpg', '', '', '', ''),
(85, 20, 'campsite20.jpg', '', '', '', ''),
(86, 20, 'campsite20_1.jpg', '楓之谷', '123', '翠綠山巒 遠離塵囂清新舒暢', ''),
(87, 20, 'campsite20_2.jpg', '露營區', '森林', '森林系最愛 林蔭圍繞', ''),
(88, 21, 'campsite3.jpg', '楓之谷', '瀑布', '沿途山林優美 空氣清新', ''),
(89, 21, 'campsite5.jpg', '九甲林露營區', '水池01', '沿途山林優美 空氣清新1111', ''),
(90, 21, 'campsite6.jpg', '阿里山', '森林', '123', ''),
(91, 22, 'campsite7.jpg', '', '', '', ''),
(92, 22, 'campsite10.jpg', '', '', '', ''),
(93, 22, 'campsite11.jpg', '', '', '', ''),
(94, 23, 'campsite12.jpg', '', '', '', ''),
(95, 23, 'campsite1_1.jpg', '楓之谷', '123', '翠綠山巒 遠離塵囂清新舒暢', ''),
(96, 23, 'campsite2_1.jpg', '露營區', '森林', '森林系最愛 林蔭圍繞', ''),
(97, 24, 'campsite3_1.jpg', '楓之谷', '瀑布', '沿途山林優美 空氣清新', ''),
(98, 24, 'campsite5_1.jpg', '九甲林露營區', '水池01', '沿途山林優美 空氣清新1111', ''),
(99, 24, 'campsite6_1.jpg', '阿里山', '森林', '123', ''),
(100, 25, 'campsite7_1.jpg', '', '', '', ''),
(101, 25, 'campsite10_1.jpg', '', '', '', ''),
(102, 25, 'campsite11_1.jpg', '', '', '', ''),
(103, 26, 'campsite12_1.jpg', '', '', '', ''),
(104, 26, 'campsite1_2.jpg', '楓之谷', '123', '翠綠山巒 遠離塵囂清新舒暢', ''),
(105, 26, 'campsite2_2.jpg', '露營區', '森林', '森林系最愛 林蔭圍繞', ''),
(106, 27, 'campsite3_2.jpg', '楓之谷', '瀑布', '沿途山林優美 空氣清新', ''),
(107, 27, 'campsite5_2.jpg', '九甲林露營區', '水池01', '沿途山林優美 空氣清新1111', ''),
(108, 27, 'campsite6_2.jpg', '阿里山', '森林', '123', ''),
(109, 28, 'campsite7_2.jpg', '', '', '', ''),
(110, 28, 'campsite10_2.jpg', '', '', '', ''),
(111, 28, 'campsite2.jpg', '露營區', '森林', '森林系最愛 林蔭圍繞', ''),
(112, 29, 'campsite3.jpg', '楓之谷', '瀑布', '沿途山林優美 空氣清新', ''),
(113, 29, 'campsite5.jpg', '九甲林露營區', '水池01', '沿途山林優美 空氣清新1111', ''),
(114, 29, 'campsite6.jpg', '阿里山', '森林', '123', ''),
(115, 30, 'campsite7.jpg', '', '', '', ''),
(116, 30, 'campsite10.jpg', '', '', '', ''),
(117, 30, 'campsite11.jpg', '', '', '', ''),
(118, 31, 'campsite12.jpg', '', '', '', ''),
(119, 31, 'campsite1_1.jpg', '楓之谷', '123', '翠綠山巒 遠離塵囂清新舒暢', ''),
(120, 31, 'campsite2_1.jpg', '露營區', '森林', '森林系最愛 林蔭圍繞', ''),
(121, 32, 'campsite3_1.jpg', '楓之谷', '瀑布', '沿途山林優美 空氣清新', ''),
(122, 32, 'campsite5_1.jpg', '九甲林露營區', '水池01', '沿途山林優美 空氣清新1111', ''),
(123, 32, 'campsite6_1.jpg', '阿里山', '森林', '123', ''),
(124, 33, 'campsite7_1.jpg', '', '', '', ''),
(125, 33, 'campsite10_1.jpg', '', '', '', ''),
(126, 33, 'campsite11_1.jpg', '', '', '', ''),
(127, 34, 'campsite12_1.jpg', '', '', '', ''),
(128, 34, 'campsite1_2.jpg', '楓之谷', '123', '翠綠山巒 遠離塵囂清新舒暢', ''),
(129, 34, 'campsite2_2.jpg', '露營區', '森林', '森林系最愛 林蔭圍繞', ''),
(130, 35, 'campsite3_2.jpg', '楓之谷', '瀑布', '沿途山林優美 空氣清新', ''),
(131, 35, 'campsite5_2.jpg', '九甲林露營區', '水池01', '沿途山林優美 空氣清新1111', ''),
(132, 35, 'campsite6_2.jpg', '阿里山', '森林', '123', ''),
(133, 36, 'campsite7_2.jpg', '', '', '', ''),
(134, 36, 'campsite10_2.jpg', '', '', '', ''),
(136, 14, 'campsite14.jpg', '', '', '', ''),
(138, 16, 'campsite16.jpg', '', '', '', ''),
(140, 18, 'campsite18.jpg', '', '', '', ''),
(141, 19, 'campsite19.jpg', '', '', '', ''),
(143, 21, 'campsite1.jpg', '', '', '', ''),
(144, 22, 'campsite1.jpg', '', '', '', ''),
(145, 23, 'campsite1.jpg', '', '', '', ''),
(146, 24, 'campsite1.jpg', '', '', '', ''),
(147, 25, 'campsite1.jpg', '', '', '', ''),
(148, 26, 'campsite1.jpg', '', '', '', ''),
(149, 27, 'campsite1.jpg', '', '', '', ''),
(150, 28, 'campsite1.jpg', '', '', '', ''),
(151, 29, 'campsite1.jpg', '', '', '', ''),
(152, 30, 'campsite1.jpg', '', '', '', ''),
(153, 31, 'campsite1.jpg', '', '', '', ''),
(154, 32, 'campsite1.jpg', '', '', '', ''),
(155, 33, 'campsite1.jpg', '', '', '', ''),
(156, 34, 'campsite1.jpg', '', '', '', ''),
(157, 35, 'campsite1.jpg', '', '', '', ''),
(158, 36, 'campsite1.jpg', '', '', '', ''),
(159, 37, 'campsite1.jpg', '', '', '', ''),
(160, 38, 'campsite1.jpg', '', '', '', ''),
(161, 39, 'campsite1.jpg', '', '', '', ''),
(162, 40, 'campsite1.jpg', '', '', '', ''),
(163, 41, 'campsite1.jpg', '', '', '', ''),
(164, 42, 'campsite1.jpg', '', '', '', ''),
(165, 43, 'campsite1.jpg', '', '', '', ''),
(166, 44, 'campsite1.jpg', '', '', '', ''),
(167, 45, 'campsite1.jpg', '', '', '', ''),
(168, 46, 'campsite1.jpg', '', '', '', ''),
(169, 47, 'campsite1.jpg', '', '', '', ''),
(170, 48, 'campsite1.jpg', '', '', '', ''),
(171, 49, 'campsite1.jpg', '', '', '', ''),
(172, 50, 'campsite1.jpg', '', '', '', ''),
(184, 14, 'campsite14_1.jpg', '', '', '', ''),
(186, 16, 'campsite16_1.jpg', '', '', '', ''),
(188, 18, 'campsite18_1.jpg', '', '', '', ''),
(189, 19, 'campsite19_1.jpg', '', '', '', ''),
(191, 21, 'campsite3.jpg', '', '', '', ''),
(192, 22, 'campsite3.jpg', '', '', '', ''),
(193, 23, 'campsite3.jpg', '', '', '', ''),
(194, 24, 'campsite3.jpg', '', '', '', ''),
(195, 25, 'campsite3.jpg', '', '', '', ''),
(196, 26, 'campsite3.jpg', '', '', '', ''),
(197, 27, 'campsite3.jpg', '', '', '', ''),
(198, 28, 'campsite3.jpg', '', '', '', ''),
(199, 29, 'campsite3.jpg', '', '', '', ''),
(200, 30, 'campsite3.jpg', '', '', '', ''),
(201, 31, 'campsite3.jpg', '', '', '', ''),
(202, 32, 'campsite3.jpg', '', '', '', ''),
(203, 33, 'campsite3.jpg', '', '', '', ''),
(204, 34, 'campsite3.jpg', '', '', '', ''),
(205, 35, 'campsite3.jpg', '', '', '', ''),
(206, 36, 'campsite3.jpg', '', '', '', ''),
(207, 37, 'campsite3.jpg', '', '', '', ''),
(208, 38, 'campsite3.jpg', '', '', '', ''),
(209, 39, 'campsite3.jpg', '', '', '', ''),
(210, 40, 'campsite3.jpg', '', '', '', ''),
(211, 41, 'campsite3.jpg', '', '', '', ''),
(212, 42, 'campsite3.jpg', '', '', '', ''),
(213, 43, 'campsite3.jpg', '', '', '', ''),
(214, 44, 'campsite3.jpg', '', '', '', ''),
(215, 45, 'campsite3.jpg', '', '', '', ''),
(216, 46, 'campsite3.jpg', '', '', '', ''),
(217, 47, 'campsite3.jpg', '', '', '', ''),
(218, 48, 'campsite3.jpg', '', '', '', ''),
(219, 49, 'campsite3.jpg', '', '', '', ''),
(220, 50, 'campsite3.jpg', '', '', '', ''),
(232, 14, 'campsite14_2.jpg', '', '', '', ''),
(234, 16, 'campsite16_2.jpg', '', '', '', ''),
(236, 18, 'campsite18_2.jpg', '', '', '', ''),
(237, 19, 'campsite19_1.jpg', '', '', '', ''),
(239, 21, 'campsite8.jpg', '', '', '', ''),
(240, 22, 'campsite8.jpg', '', '', '', ''),
(241, 23, 'campsite8.jpg', '', '', '', ''),
(242, 24, 'campsite8.jpg', '', '', '', ''),
(243, 25, 'campsite8.jpg', '', '', '', ''),
(244, 26, 'campsite8.jpg', '', '', '', ''),
(245, 27, 'campsite8.jpg', '', '', '', ''),
(246, 28, 'campsite8.jpg', '', '', '', ''),
(247, 29, 'campsite8.jpg', '', '', '', ''),
(248, 30, 'campsite8.jpg', '', '', '', ''),
(249, 31, 'campsite8.jpg', '', '', '', ''),
(250, 32, 'campsite8.jpg', '', '', '', ''),
(251, 33, 'campsite8.jpg', '', '', '', ''),
(252, 34, 'campsite8.jpg', '', '', '', ''),
(253, 35, 'campsite8.jpg', '', '', '', ''),
(254, 36, 'campsite8.jpg', '', '', '', ''),
(255, 37, 'campsite8.jpg', '', '', '', ''),
(256, 38, 'campsite8.jpg', '', '', '', ''),
(257, 39, 'campsite8.jpg', '', '', '', ''),
(258, 40, 'campsite8.jpg', '', '', '', ''),
(259, 41, 'campsite8.jpg', '', '', '', ''),
(260, 42, 'campsite8.jpg', '', '', '', ''),
(261, 43, 'campsite8.jpg', '', '', '', ''),
(262, 44, 'campsite8.jpg', '', '', '', ''),
(263, 45, 'campsite8.jpg', '', '', '', ''),
(264, 46, 'campsite8.jpg', '', '', '', ''),
(265, 47, 'campsite8.jpg', '', '', '', ''),
(266, 48, 'campsite8.jpg', '', '', '', ''),
(267, 49, 'campsite8.jpg', '', '', '', ''),
(268, 50, 'campsite8.jpg', '', '', '', ''),
(279, 4, 'campsite4.jpg', '楓之谷', '123', '翠綠山巒 遠離塵囂清新舒暢', ''),
(280, 4, 'campsite4_1.jpg', '楓之谷', '123', '翠綠山巒 遠離塵囂清新舒暢', ''),
(281, 4, 'campsite4_2.jpg', '楓之谷', '123', '翠綠山巒 遠離塵囂清新舒暢', ''),
(282, 8, 'campsite8.jpg', '露營區', '森林', '森林系最愛 林蔭圍繞', ''),
(283, 8, 'campsite8_1.jpg', '露營區', '森林', '森林系最愛 林蔭圍繞', ''),
(284, 8, 'campsite8_2.jpg', '露營區', '森林', '森林系最愛 林蔭圍繞', ''),
(285, 9, 'campsite9.jpg', '楓之谷', '瀑布', '沿途山林優美 空氣清新', ''),
(286, 9, 'campsite9_1.jpg', '楓之谷', '瀑布', '沿途山林優美 空氣清新', ''),
(287, 9, 'campsite9_2.jpg', '楓之谷', '瀑布', '沿途山林優美 空氣清新', '');

-- --------------------------------------------------------

--
-- 資料表結構 `campsite_liked`
--

CREATE TABLE `campsite_liked` (
  `id` int(11) NOT NULL,
  `liked` tinyint(1) NOT NULL,
  `account` varchar(255) NOT NULL,
  `camp_id` int(11) NOT NULL
) ENGINE=InnoDB DEFAULT CHARSET=utf8;

--
-- 資料表的匯出資料 `campsite_liked`
--

INSERT INTO `campsite_liked` (`id`, `liked`, `account`, `camp_id`) VALUES
(4, 1, 'testcat', 5),
(5, 1, 'testcat', 5),
(13, 1, 'testcat', 5),
(20, 1, 'testcat', 5),
(21, 1, 'testcat', 5),
(22, 1, 'testcat', 5),
(24, 1, 'testcat', 12),
(26, 1, 'testcat', 48),
(41, 1, 'tigger', 15),
(42, 1, 'tigger', 3);

-- --------------------------------------------------------

--
-- 資料表結構 `campsite_list`
--

CREATE TABLE `campsite_list` (
  `camp_id` int(11) NOT NULL COMMENT '營地編號',
  `camp_name` varchar(255) COLLATE utf8_unicode_ci NOT NULL COMMENT '營區名稱',
  `camp_address` varchar(255) COLLATE utf8_unicode_ci NOT NULL COMMENT '地址',
  `camp_location` varchar(255) COLLATE utf8_unicode_ci NOT NULL COMMENT '經緯度',
  `camp_tel` varchar(255) COLLATE utf8_unicode_ci NOT NULL COMMENT '聯絡電話',
  `camp_fax` varchar(255) COLLATE utf8_unicode_ci NOT NULL COMMENT '傳真',
  `camp_email` varchar(255) COLLATE utf8_unicode_ci NOT NULL COMMENT '電子郵件',
  `camp_ownerName` varchar(255) COLLATE utf8_unicode_ci NOT NULL COMMENT '聯絡人',
  `camp_openTime` varchar(255) COLLATE utf8_unicode_ci NOT NULL COMMENT '開放時間',
  `camp_target` varchar(255) COLLATE utf8_unicode_ci NOT NULL COMMENT '適合對象',
  `city` varchar(20) COLLATE utf8_unicode_ci NOT NULL COMMENT '城市',
  `dist` varchar(20) COLLATE utf8_unicode_ci NOT NULL COMMENT '地區',
  `host_id` int(11) NOT NULL COMMENT '營地主編號',
  `camp_intro` varchar(255) COLLATE utf8_unicode_ci NOT NULL COMMENT '簡介',
  `camp_detail` text COLLATE utf8_unicode_ci NOT NULL COMMENT '營地須知',
  `camp_device` varchar(255) COLLATE utf8_unicode_ci NOT NULL COMMENT '營地設施',
  `camp_notice` text COLLATE utf8_unicode_ci NOT NULL COMMENT '注意事項',
  `camp_img` varchar(255) COLLATE utf8_unicode_ci NOT NULL COMMENT '營區圖片',
  `camp_imgarea` int(11) NOT NULL COMMENT '營區配置圖',
  `camp_service` varchar(255) COLLATE utf8_unicode_ci NOT NULL COMMENT '附屬服務'
) ENGINE=InnoDB DEFAULT CHARSET=utf8 COLLATE=utf8_unicode_ci;

--
-- 資料表的匯出資料 `campsite_list`
--

INSERT INTO `campsite_list` (`camp_id`, `camp_name`, `camp_address`, `camp_location`, `camp_tel`, `camp_fax`, `camp_email`, `camp_ownerName`, `camp_openTime`, `camp_target`, `city`, `dist`, `host_id`, `camp_intro`, `camp_detail`, `camp_device`, `camp_notice`, `camp_img`, `camp_imgarea`, `camp_service`) VALUES
(1, '何方神聖慢活營', '新北市烏來區大羅蘭19號之1', '24.7737944,121.4788949', '02-2252-7966 ', '', 'GoCamping002@gamil.com', '', '入營14:00\r\n拔營12:00', '親子同樂', '新北市', '烏來區', 1, '何方神聖慢活營 位於新北市烏來區 \r\n緊鄰水質清澈的大羅蘭溪 保留原始自然環境', '※ 每帳基本入住限4人，第5人起，每1人加收200元\r\n※ 每營位限1睡帳+1客廳帳\r\n※ 此區不接露營拖車&露營車&車頂帳', '溪邊/水庫釣魚  烤肉區  冷藏', '※ 由於露營地會經過大羅蘭農場的私人土地友進住需加收50元的停車費。\r\n※ 升火烤肉請移至烤肉區，營位旁禁止升火', 'campsite1.jpg', 6, '週邊賞螢'),
(2, '菁山遊憩區', '台北市士林區菁山路101巷71弄16號', '24.7737944,121.4788949', '02-2252-7966 ', '', 'GoCamping002@gamil.com', '', '入營14:00\r\n拔營12:00', '賞螢賞花', '台北市', '士林區', 1, '融合環境教育、探索教育等教育活動\r\n打造知性、休閒、放鬆身心的陽明山秘境！\r\n全家去渡假的好地方，環境優美聽到蟲、小鳥叫聲\r\n環境幽美，住宿露營兩相宜，泡溫泉舒適 ，每個季節有不同風情，適合老中少的溫泉渡假聖地\r\n少見離市區這麼近的林區，且生態豐富，每次多有不一樣的感覺。', '※ 每帳基本入住限4人，第5人起，每1人加收200元\r\n※ 每營位限1睡帳+1客廳帳\r\n※ 此區不接露營拖車&露營車&車頂帳', '溪邊/水庫釣魚  烤肉區  冷藏', '※ 由於露營地會經過大羅蘭農場的私人土地友進住需加收50元的停車費。\r\n※ 升火烤肉請移至烤肉區，營位旁禁止升火', 'campsite2.jpg', 6, '週邊賞螢'),
(3, '長青谷大自然園區', '新北市新店區新潭路二段25號', '24.926455,121.526396', '02-2252-7966', '', 'GoCamping003@gamil.com', '', '入營12:00\r\n拔營11:00', '親子同樂', '新北市', '新店區', 1, '新北沁涼戲水樂 團露同樂與大自然親密接觸', '※ 新增涼亭棚區、池綠棚區、湖岸區，歡迎預約入住。\r\n※ 湖景區即日起不再接新單囉。\r\n※ 椰樹區調整為可搭3帳 $3400。', '戲水池  販賣部  烤肉區  冷凍  冷藏', '※ 平日訂位基本需訂3帳以上。\r\n※ 營區僅開放3個月內的散訂、包區及3月個以上限包場。', 'campsite3.jpg', 9, '營區賞螢  食材代訂/直配'),
(4, '馬塔大文化露營區', '新北市烏來區福山里 (福山部落-烏來福山國小側門)', '24.926167,121.526472', '02-2252-7966', '', 'GoCamping004@gamil.com', '', '入營12:00 \r\n拔營12:00', '森林園區', '新北市', '烏來區', 1, '一同享受....呼吸這山間裡的美好~\r\n馬塔大文化露營區 歡迎您的到訪!', '※ 雨棚區有附桌椅可使用\r\n※ 每營位限搭1睡帳1客廳帳1車，多一車加100元，訪客需付入園費。\r\n※ 營帳為神殿、熊帳、怪獸帳、變形金剛、5 X 8大天幕者，請訂2個營位。\r\n※ 九芎區，可接露營拖車&露營車&車頂帳，營位費用以每帳計算。\r\n※ 每營位限4人入住，第5人起，酌收人頭費300元/人(入住上限6人，2歲以下免費)。', '戲水池  販賣部  烤肉區  冷凍  冷藏', '一日遊資訊：如需預定請洽營主\r\n※ 一日遊費用(附烤肉桌椅、烤肉設備自備)：全票(13歲以上) 200元、兒童(02~12歲) 100元；\r\n※ 烤爐租借費用：100/個。\r\n※ 停車費 100元。\r\n※ 販賣部提供：烤肉用具(耗材)/零食/飲料/泡', 'campsite4.jpg', 12, '營區賞螢'),
(5, '文山農場', '新北市新店區湖子內路100號', '24.7772726,121.5008702', '02-2252-7966', '', 'GoCamping005@gamil.com', '', '入營09:00\r\n拔營14:00', '賞螢賞花', '新北市', '新店區', 1, '文山農場 22甲生態露營區', '※ 每營位限1睡帳、1客廳帳、1停車位。\r\n※ 每營位限2大3小入住，每多1人需酌收人頭費100元/人(3歲以下免費)。', '', '※ 訪客請於21:00點前離開（在山區要下山也較安全唷），若要前日進場需酌收200元（17點後）。\r\n※ 營區不適合露營車/車頂帳/車邊帳入場，暫不受理訂位唷~', 'campsite5.jpg', 15, ''),
(6, '確幸莊園 Treasure Manor', '新北市新店區新潭路二段27號', '24.930000,121.543417', '02-2252-7966', '', 'GoCamping006@gamil.com', '', '入營15:00\r\n拔營14:00 ', '賞螢賞花', '新北市', '新店區', 1, '車程近、營區寬敞、景色優質，非常適合愛拍照又愛戶外露營的露友喔！', '營位費不含入園及清潔費，以下兩項費用需於現場另付，訂位時請注意。\r\n※ 入場自備餐飲者，每人加收40元清潔費。\r\n※ 入園費：大人150元、小孩及長者(3~12歲、65~80歲)75元、 3歲以下及 81歲以上免費。', '生態池  餐廳/咖啡廳  冷凍  冷藏  吹風機  鞦韆', '※ 本場可代訂各項餐飲 (自備餐飲者，每人每餐加收場地及垃圾清運費40元，清運費恕不折扣)。\r\n※ 租借露營商品，需提前一周告知，詳情載於「相關說明」之「租借露營設備費用」頁面。\r\n※ 暑假限定戲水池開放，開放時間下午13:30-17:00。小孩戲水，大人請陪同，注意自身安全。\r\n※ 每日PM 10:00後農場庭園燈管制。', 'campsite6.jpg', 18, 'DIY活動  營區賞螢 入園需另購門票'),
(7, '福田美地', '桃園市復興區霞雲里庫志11鄰24號', '24.8261342,\r\n121.1875318', '02-2252-7966 ', '02-2252-7966 ', 'huang@gmail.com', '黃小姐', '平日10:00~20:00\r\n假日08:00~22:00', '溪邊釣魚', '桃園市', '復興區', 1, '歡迎大家來露營 玩水 抓蝦 好山好水等你來噢!', '', '', '', 'campsite7.jpg', 0, ''),
(8, '八度野溪露營區', '桃園市復興區奎輝里5鄰3-1號', '122211441', '02-2234-6666', '02-2234-6666', 'jenny@ddd.com', '00', '平日10:00~20:00\r\n假日08:00~22:00', '高海拔營區', '桃園市', '復興區', 1, '位於桃園復興羅馬公路 溪流秘境 為冬暖夏涼避暑之旅遊勝地', '', '', '', 'campsite8.jpg', 0, ''),
(9, '七里莊園', '桃園市新屋區九斗里4鄰3-7號', '24.2658224,120.7832063', '02-2252-7966', '02-2252-7966', 'susu@gmail.com', '蘇先生', '假日08:00~22:00', '親子同樂', '桃園市', '新屋區', 1, '私人招待所模式營地 替小孩打造的週末休閒地 歡迎小團體包場獨享', '', '', '', 'campsite9.jpg', 0, ''),
(10, '溪口台露營區', '桃園市復興區澤仁里羅馬路2段268號 (118公路57k處)', '122211441', '02-2234-6666', '02-2234-6666', 'jenny@ddd.com', '00', '平日10:00~20:00\r\n假日08:00~22:00', '溪邊釣魚', '桃園市', '復興區', 1, '園內活動豐富 絕對是新手或親子團的親善營地', '', '', '', 'campsite10.jpg', 0, ''),
(11, '長興山水靜露營區', '桃園市復興區長興里17鄰54號(長興國小對面)', '24.2658224,120.7832063', '02-2252-7966', '02-2252-7966', 'susu@gmail.com', '蘇先生', '假日08:00~22:00', '親子同樂', '桃園市', '復興區', 1, '離塵不離城 親近山水大自然 推薦三代同堂 親子首選', '', '戲水池  玩沙池  生態池  販賣部  裝備出租  飲水機 吹風機', '', 'campsite11.jpg', 0, ''),
(12, '綠果子休憩站', '桃園市大溪區美華里美山路一段166巷65號', '24.7737944,121.4788949', '02-2252-7966 ', '', 'GoCamping002@gamil.com', '', '入營14:00\r\n拔營12:00', '親子同樂', '桃園市', '大溪區', 1, '交通便利的近郊園區 小朋友玩耍的天堂', '※ 每帳基本入住限4人，第5人起，每1人加收200元\r\n※ 每營位限1睡帳+1客廳帳\r\n※ 此區不接露營拖車&露營車&車頂帳', '溪邊/水庫釣魚  烤肉區  冷藏', '※ 由於露營地會經過大羅蘭農場的私人土地友進住需加收50元的停車費。\r\n※ 升火烤肉請移至烤肉區，營位旁禁止升火', 'campsite12.jpg', 6, '週邊賞螢'),
(13, '楓之谷露營區', '桃園市大溪區福山一路118-1號', '24.7737944,121.4788949', '02-2252-7966 ', '', 'GoCamping002@gamil.com', '', '入營14:00\r\n拔營12:00', '賞螢賞花', '桃園市', '大溪區', 1, '週邊生態豐富，親近可愛小動物 賞螢賞蝶花季繽紛', '※ 每帳基本入住限4人，第5人起，每1人加收200元\r\n※ 每營位限1睡帳+1客廳帳\r\n※ 此區不接露營拖車&露營車&車頂帳', '溪邊/水庫釣魚  烤肉區  冷藏', '※ 由於露營地會經過大羅蘭農場的私人土地友進住需加收50元的停車費。\r\n※ 升火烤肉請移至烤肉區，營位旁禁止升火', 'campsite13.jpg', 6, '週邊賞螢'),
(14, '水樂活親子農場', '桃園市中壢區福達路二段628號', '24.926455,121.526396', '02-2252-7966', '', 'GoCamping003@gamil.com', '', '入營12:00\r\n拔營11:00', '親子同樂', '桃園市', '中壢區', 1, '交通便利 享受樂活 露營 烤肉 釣魚 休憩 親子輕露營天堂首選', '※ 新增涼亭棚區、池綠棚區、湖岸區，歡迎預約入住。\r\n※ 湖景區即日起不再接新單囉。\r\n※ 椰樹區調整為可搭3帳 $3400。', '生態池  餐廳/咖啡廳  冷凍  冷藏  吹風', '※ 平日訂位基本需訂3帳以上。\r\n※ 營區僅開放3個月內的散訂、包區及3月個以上限包場。', 'campsite14.jpg', 9, '營區賞螢  食材代訂/直配'),
(15, '八福露營區', '桃園市復興區華陵里11鄰巴陵178-6號', '24.926167,121.526472', '02-2252-7966', '', 'GoCamping004@gamil.com', '', '入營12:00 \r\n拔營12:00', '高海拔營區', '桃園市', '復興區', 1, '位於桃園復興拉拉山 在純淨空氣的福地\r\n享受綠意繚繞的開闊山景', '※ 雨棚區有附桌椅可使用\r\n※ 每營位限搭1睡帳1客廳帳1車，多一車加100元，訪客需付入園費。\r\n※ 營帳為神殿、熊帳、怪獸帳、變形金剛、5 X 8大天幕者，請訂2個營位。\r\n※ 九芎區，可接露營拖車&露營車&車頂帳，營位費用以每帳計算。\r\n※ 每營位限4人入住，第5人起，酌收人頭費300元/人(入住上限6人，2歲以下免費)。', '戲水池  販賣部  烤肉區  冷凍  冷藏', '一日遊資訊：如需預定請洽營主\r\n※ 一日遊費用(附烤肉桌椅、烤肉設備自備)：全票(13歲以上) 200元、兒童(02~12歲) 100元；\r\n※ 烤爐租借費用：100/個。\r\n※ 停車費 100元。\r\n※ 販賣部提供：烤肉用具(耗材)/零食/飲料/泡', 'campsite15.jpg', 12, '營區賞螢'),
(16, '雪霧鬧松野農園', '桃園市復興區高義里色霧鬧7鄰10-16號', '24.7772726,121.5008702', '02-2252-7966', '', 'GoCamping005@gamil.com', '', '入營09:00\r\n拔營14:00', '高海拔營區', '桃園市', '復興區', 1, '雪霧鬧部落位於復興區高義村，在泰雅族語Sibunao，意即「多霧之地」', '※ 每營位限1睡帳、1客廳帳、1停車位。\r\n※ 每營位限2大3小入住，每多1人需酌收人頭費100元/人(3歲以下免費)。', '', '※ 訪客請於21:00點前離開（在山區要下山也較安全唷），若要前日進場需酌收200元（17點後）。\r\n※ 營區不適合露營車/車頂帳/車邊帳入場，暫不受理訂位唷~', 'campsite16.jpg', 15, ''),
(17, '戀戀天湖', '新竹縣五峰鄉花園村天湖219-15號', '24.930000,121.543417', '02-2252-7966', '', 'GoCamping006@gamil.com', '', '入營15:00\r\n拔營14:00 ', '賞螢賞花', '新竹縣', '五峰鄉', 1, '從原始林地一點一滴慢慢打造規劃，是家也是度假退休的心情', '營位費不含入園及清潔費，以下兩項費用需於現場另付，訂位時請注意。\r\n※ 入場自備餐飲者，每人加收40元清潔費。\r\n※ 入園費：大人150元、小孩及長者(3~12歲、65~80歲)75元、 3歲以下及 81歲以上免費。', '戲水池  玩沙池  護草墊  冷凍  冷藏  飲水機 吹風機  季節賞花', '※ 本場可代訂各項餐飲 (自備餐飲者，每人每餐加收場地及垃圾清運費40元，清運費恕不折扣)。\r\n※ 租借露營商品，需提前一周告知，詳情載於「相關說明」之「租借露營設備費用」頁面。\r\n※ 暑假限定戲水池開放，開放時間下午13:30-17:00。小孩戲水，大人請陪同，注意自身安全。\r\n※ 每日PM 10:00後農場庭園燈管制。', 'campsite17.jpg', 18, 'DIY活動  營區賞螢 入園需另購門票'),
(18, '梅花梯田露營區', '新竹縣尖石鄉梅花村3鄰梅花79之3號', '24.8261342,\r\n121.1875318', '02-2252-7966 ', '02-2252-7966 ', 'huang@gmail.com', '黃小姐', '平日10:00~20:00\r\n假日08:00~22:00', '高海拔營區', '新竹縣', '尖石鄉', 1, '海拔約800公尺因此夏天晚上涼爽舒適 有機會在早晨及傍晚時看到雲海唷!', '', '', '', 'campsite18.jpg', 0, ''),
(19, '遊橘露營區', '新竹縣橫山鄉福興村八十分112之6', '122211441', '02-2234-6666', '02-2234-6666', 'jenny@ddd.com', '00', '平日10:00~20:00\r\n假日08:00~22:00', '溪邊釣魚', '新竹縣', '橫山鄉', 1, '三代同堂露營樂 釣魚戲水再享受清新大自然', '', '', '', 'campsite19.jpg', 0, ''),
(20, '晴園秘境', '新竹縣五峰鄉花園村天湖219-1號', '24.2658224,120.7832063', '02-2252-7966', '02-2252-7966', 'susu@gmail.com', '蘇先生', '假日08:00~22:00', '賞花賞螢', '新竹縣', '五峰鄉', 1, '位五峰鄉天湖和花園部落山林間 是賞花賞螢觀星之秘境', '', '', '', 'campsite20.jpg', 0, ''),
(21, '梅后蔓露營區', '新竹縣五峰鄉花園村8鄰花園185-11', '24.2658224,120.7832063', '02-2252-7966', '02-2252-7966', 'susu@gmail.com', '蘇先生', '假日08:00~22:00', '高海拔營區', '新竹縣', '五峰鄉', 1, '高海拔全新露營區 盡情呼吸山林新鮮空氣 少帳小包區獨享悠哉時', '', '', '', 'campsite21.jpg', 0, ''),
(22, '野薑花露營區', '新竹縣尖石鄉錦屏村那羅一部落入口處', '24.7737944,121.4788949', '02-2252-7966 ', '', 'GoCamping002@gamil.com', '', '入營14:00\r\n拔營12:00', '溪邊釣魚', '新竹縣', '尖石鄉', 1, '野薑花露營區是一個值得你來體驗，滿足露營所有要求的營地', '※ 每帳基本入住限4人，第5人起，每1人加收200元\r\n※ 每營位限1睡帳+1客廳帳\r\n※ 此區不接露營拖車&露營車&車頂帳', '溪邊/水庫釣魚  戲水池  販賣部  冷凍  冷藏  飲水機 吹風機  溜滑梯', '※ 由於露營地會經過大羅蘭農場的私人土地友進住需加收50元的停車費。\r\n※ 升火烤肉請移至烤肉區，營位旁禁止升火', 'campsite22.jpg', 6, '週邊賞螢'),
(23, '天湖農園', '新竹縣尖石鄉梅花村8鄰227號', '24.7737944,121.4788949', '02-2252-7966 ', '', 'GoCamping002@gamil.com', '', '入營14:00\r\n拔營12:00', '高海拔營區', '新竹縣', '尖石鄉', 1, '峰巒或出或沒 宛若海上小島 享受雲霧穿梭山谷', '※ 每帳基本入住限4人，第5人起，每1人加收200元\r\n※ 每營位限1睡帳+1客廳帳\r\n※ 此區不接露營拖車&露營車&車頂帳', '生態池  販賣部  冷藏  洗衣機  季節賞花', '※ 由於露營地會經過大羅蘭農場的私人土地友進住需加收50元的停車費。\r\n※ 升火烤肉請移至烤肉區，營位旁禁止升火', 'campsite23.jpg', 6, '週邊賞螢'),
(24, '樂哈山營地', '新竹縣五峰鄉桃山村18鄰白蘭311-4號', '24.926455,121.526396', '02-2252-7966', '', 'GoCamping003@gamil.com', '', '入營12:00\r\n拔營11:00', '高海拔營區', '新竹縣', '五峰鄉', 1, '高海拔景色多彩多姿，交通便利、寧靜健康是樂哈山的天然資源', '※ 新增涼亭棚區、池綠棚區、湖岸區，歡迎預約入住。\r\n※ 湖景區即日起不再接新單囉。\r\n※ 椰樹區調整為可搭3帳 $3400。', '生態池  餐廳/咖啡廳  冷凍  冷藏  吹風', '※ 平日訂位基本需訂3帳以上。\r\n※ 營區僅開放3個月內的散訂、包區及3月個以上限包場。', 'campsite24.jpg', 9, '營區賞螢  食材代訂/直配'),
(25, '晨堡露營區', '新竹縣尖石鄉錦屏村那羅209號', '24.926167,121.526472', '02-2252-7966', '', 'GoCamping004@gamil.com', '', '入營12:00 \r\n拔營12:00', '親子同樂', '新竹縣', '尖石鄉', 1, '依山傍水，可眺望整個那羅部落風景，是個可以得到充分休息的親子營地', '※ 雨棚區有附桌椅可使用\r\n※ 每營位限搭1睡帳1客廳帳1車，多一車加100元，訪客需付入園費。\r\n※ 營帳為神殿、熊帳、怪獸帳、變形金剛、5 X 8大天幕者，請訂2個營位。\r\n※ 九芎區，可接露營拖車&露營車&車頂帳，營位費用以每帳計算。\r\n※ 每營位限4人入住，第5人起，酌收人頭費300元/人(入住上限6人，2歲以下免費)。', '戲水池  販賣部  烤肉區  冷凍  冷藏', '一日遊資訊：如需預定請洽營主\r\n※ 一日遊費用(附烤肉桌椅、烤肉設備自備)：全票(13歲以上) 200元、兒童(02~12歲) 100元；\r\n※ 烤爐租借費用：100/個。\r\n※ 停車費 100元。\r\n※ 販賣部提供：烤肉用具(耗材)/零食/飲料/泡', 'campsite25.jpg', 12, '營區賞螢'),
(26, '秘花園休閒露營區', '新竹縣尖石鄉錦屏村12鄰那羅209號', '24.7772726,121.5008702', '02-2252-7966', '', 'GoCamping005@gamil.com', '', '入營09:00\r\n拔營14:00', '親子同樂', '新竹縣', '尖石鄉', 1, '依山傍水的親子休閒園地 戲水遊樂區 小包區營地推薦', '※ 每營位限1睡帳、1客廳帳、1停車位。\r\n※ 每營位限2大3小入住，每多1人需酌收人頭費100元/人(3歲以下免費)。', '戲水池  玩沙池  餐廳/咖啡廳  護草墊  冷藏  飲水機 吹風機  溜滑梯  鞦韆  滑水道  脫水機', '※ 訪客請於21:00點前離開（在山區要下山也較安全唷），若要前日進場需酌收200元（17點後）。\r\n※ 營區不適合露營車/車頂帳/車邊帳入場，暫不受理訂位唷~', 'campsite26.jpg', 15, ''),
(27, '空軍一號', '新竹縣五峰鄉花園村天湖219-17號', '24.7737944,121.4788949', '02-2252-7966 ', '', 'GoCamping002@gamil.com', '', '入營14:00\r\n拔營12:00', '高海拔營區', '新竹縣', '五峰鄉', 1, '位於五峰鄉天湖部落，海拔約 1070公尺，擁有極佳自然景觀', '※ 每帳基本入住限4人，第5人起，每1人加收200元\r\n※ 每營位限1睡帳+1客廳帳\r\n※ 此區不接露營拖車&露營車&車頂帳', '溪邊/水庫釣魚  烤肉區  冷藏', '※ 由於露營地會經過大羅蘭農場的私人土地友進住需加收50元的停車費。\r\n※ 升火烤肉請移至烤肉區，營位旁禁止升火', 'campsite27.jpg', 6, '週邊賞螢'),
(28, '生活原鄉民宿露營區', '新竹縣關西鎮錦山里9鄰96-1號', '24.7737944,121.4788949', '02-2252-7966 ', '', 'GoCamping002@gamil.com', '', '入營14:00\r\n拔營12:00', '溪邊釣魚', '新竹縣', '關西鎮', 1, '三代同堂露營樂 釣魚戲水再享受清新大自然', '※ 每帳基本入住限4人，第5人起，每1人加收200元\r\n※ 每營位限1睡帳+1客廳帳\r\n※ 此區不接露營拖車&露營車&車頂帳', '溪邊/水庫釣魚  烤肉區  冷藏', '※ 由於露營地會經過大羅蘭農場的私人土地友進住需加收50元的停車費。\r\n※ 升火烤肉請移至烤肉區，營位旁禁止升火', 'campsite28.jpg', 6, '週邊賞螢'),
(29, '歐莎露營區', '新竹縣尖石鄉錦屏村2鄰比麟46-2號', '24.926455,121.526396', '02-2252-7966', '', 'GoCamping003@gamil.com', '', '入營12:00\r\n拔營11:00', '親子同樂', '新竹縣', '尖石鄉', 1, '環山靜謐小祕境 親近自然戲水遊樂 親子首選新營區', '※ 新增涼亭棚區、池綠棚區、湖岸區，歡迎預約入住。\r\n※ 湖景區即日起不再接新單囉。\r\n※ 椰樹區調整為可搭3帳 $3400。', '生態池  餐廳/咖啡廳  冷凍  冷藏  吹風', '※ 平日訂位基本需訂3帳以上。\r\n※ 營區僅開放3個月內的散訂、包區及3月個以上限包場。', 'campsite29.jpg', 9, '營區賞螢  食材代訂/直配'),
(30, '明園星空營地', '新竹縣新埔鎮巨埔里新龍路891巷19弄39號', '24.926167,121.526472', '02-2252-7966', '', 'GoCamping004@gamil.com', '', '入營12:00 \r\n拔營12:00', '森林園區', '新竹縣', '新埔鎮', 1, '給您最好的服務 最好的享受 近山林 擁抱自然 放鬆身心 遠離塵囂', '※ 雨棚區有附桌椅可使用\r\n※ 每營位限搭1睡帳1客廳帳1車，多一車加100元，訪客需付入園費。\r\n※ 營帳為神殿、熊帳、怪獸帳、變形金剛、5 X 8大天幕者，請訂2個營位。\r\n※ 九芎區，可接露營拖車&露營車&車頂帳，營位費用以每帳計算。\r\n※ 每營位限4人入住，第5人起，酌收人頭費300元/人(入住上限6人，2歲以下免費)。', '戲水池  販賣部  烤肉區  冷凍  冷藏', '一日遊資訊：如需預定請洽營主\r\n※ 一日遊費用(附烤肉桌椅、烤肉設備自備)：全票(13歲以上) 200元、兒童(02~12歲) 100元；\r\n※ 烤爐租借費用：100/個。\r\n※ 停車費 100元。\r\n※ 販賣部提供：烤肉用具(耗材)/零食/飲料/泡', 'campsite30.jpg', 12, '營區賞螢'),
(31, '南山傳奇露營區', '苗栗縣南庄鄉大湳連絡道路二', '24.2658224,120.7832063', '02-2252-7966', '02-2252-7966', 'susu@gmail.com', '蘇先生', '假日08:00~22:00', '高海拔營區', '苗栗縣', '南庄鄉', 1, '位於苗栗南庄 近南庄老街 海拔880~900M的中海拔大景優質露營區', '', '', '', 'campsite31.jpg', 0, ''),
(32, '馬嘟溪露營基地', '苗栗縣泰安鄉清安村洗水坑114-8號', '24.7772726,121.5008702', '02-2252-7966', '', 'GoCamping005@gamil.com', '', '入營09:00\r\n拔營14:00', '森林園區', '苗栗縣', '泰安鄉', 1, '馬嘟溪露營基地擁有迷霧、雲海、晚霞、日出、山櫻花、星空！', '※ 每營位限1睡帳、1客廳帳、1停車位。\r\n※ 每營位限2大3小入住，每多1人需酌收人頭費100元/人(3歲以下免費)。', '', '※ 訪客請於21:00點前離開（在山區要下山也較安全唷），若要前日進場需酌收200元（17點後）。\r\n※ 營區不適合露營車/車頂帳/車邊帳入場，暫不受理訂位唷~', 'campsite32.jpg', 15, ''),
(33, '木偶精靈休閒農莊', '苗栗縣南庄鄉南富村18鄰四灣47-17號', '24.7737944,121.4788949', '02-2252-7966 ', '', 'GoCamping002@gamil.com', '', '入營14:00\r\n拔營12:00', '賞螢賞花', '苗栗縣', '南庄鄉', 1, '提供孩子歡樂回憶 豐富生態 螢火蟲 桐花雪為構想而成立', '※ 每帳基本入住限4人，第5人起，每1人加收200元\r\n※ 每營位限1睡帳+1客廳帳\r\n※ 此區不接露營拖車&露營車&車頂帳', '戲水池  玩沙池  冷凍  飲水機  吹風機  鞦韆', '※ 由於露營地會經過大羅蘭農場的私人土地友進住需加收50元的停車費。\r\n※ 升火烤肉請移至烤肉區，營位旁禁止升火', 'campsite33.jpg', 6, '週邊賞螢'),
(34, '一畝田親子露營區', '苗栗縣南庄鄉篷萊村5鄰64-2號', '24.7737944,121.4788949', '02-2252-7966 ', '', 'GoCamping002@gamil.com', '', '入營14:00\r\n拔營12:00', '親子同樂', '苗栗縣', '南庄鄉', 1, '南庄一畝田 圓一個孩子夢想中的小天地', '※ 每帳基本入住限4人，第5人起，每1人加收200元\r\n※ 每營位限1睡帳+1客廳帳\r\n※ 此區不接露營拖車&露營車&車頂帳', '溪邊/水庫釣魚  烤肉區  冷藏', '※ 由於露營地會經過大羅蘭農場的私人土地友進住需加收50元的停車費。\r\n※ 升火烤肉請移至烤肉區，營位旁禁止升火', 'campsite34.jpg', 6, '週邊賞螢'),
(35, '食水窩露營區', '苗栗縣南庄鄉獅山村7鄰5之6號', '24.926455,121.526396', '02-2252-7966', '', 'GoCamping003@gamil.com', '', '入營12:00\r\n拔營11:00', '賞螢賞花', '苗栗縣', '南庄鄉', 1, '位於苗栗南庄 是觀賞螢火蟲及四季賞花\r\n擁抱自然的清新小園地 歡迎大家來到訪喔~', '※ 新增涼亭棚區、池綠棚區、湖岸區，歡迎預約入住。\r\n※ 湖景區即日起不再接新單囉。\r\n※ 椰樹區調整為可搭3帳 $3400。', '生態池  餐廳/咖啡廳  冷凍  冷藏  吹風', '※ 平日訂位基本需訂3帳以上。\r\n※ 營區僅開放3個月內的散訂、包區及3月個以上限包場。', 'campsite35.jpg', 9, '營區賞螢  食材代訂/直配'),
(36, '生活原鄉民宿露營區', '新竹縣關西鎮錦山里9鄰96-1號', '24.926167,121.526472', '02-2252-7966', '', 'GoCamping004@gamil.com', '', '入營12:00 \r\n拔營12:00', '小家庭', '新竹縣', '關西鎮', 1, '位於新竹關西 緊臨溪流戲水捉魚很便利，規劃雨棚及住宿，歡迎到訪唷', '※ 雨棚區有附桌椅可使用\r\n※ 每營位限搭1睡帳1客廳帳1車，多一車加100元，訪客需付入園費。\r\n※ 營帳為神殿、熊帳、怪獸帳、變形金剛、5 X 8大天幕者，請訂2個營位。\r\n※ 九芎區，可接露營拖車&露營車&車頂帳，營位費用以每帳計算。\r\n※ 每營位限4人入住，第5人起，酌收人頭費300元/人(入住上限6人，2歲以下免費)。', '戲水池  販賣部  烤肉區  冷凍  冷藏', '一日遊資訊：如需預定請洽營主\r\n※ 一日遊費用(附烤肉桌椅、烤肉設備自備)：全票(13歲以上) 200元、兒童(02~12歲) 100元；\r\n※ 烤爐租借費用：100/個。\r\n※ 停車費 100元。\r\n※ 販賣部提供：烤肉用具(耗材)/零食/飲料/泡', 'campsite36.jpg', 12, '營區賞螢'),
(37, '雷沙達岜斯露營區', '新竹縣尖石鄉義興村6鄰馬胎4號', '24.2658224,120.7832063', '02-2252-7966', '02-2252-7966', 'susu@gmail.com', '蘇先生', '假日08:00~22:00', '大型派對', '新竹縣', '尖石鄉', 1, '位於海拔600m的尖石馬胎部落，四面環山蘊含豐富的天然芬多精', '', '', '', 'campsite37.jpg', 0, ''),
(38, '空軍一號', '新竹縣五峰鄉花園村天湖219-17號', '24.7737944,121.4788949', '02-2252-7966 ', '', 'GoCamping002@gamil.com', '', '入營14:00\r\n拔營12:00', '小家庭', '新竹縣', '五峰鄉', 1, '位於五峰鄉天湖部落，海拔約 1070公尺，擁有極佳自然景觀', '※ 每帳基本入住限4人，第5人起，每1人加收200元\r\n※ 每營位限1睡帳+1客廳帳\r\n※ 此區不接露營拖車&露營車&車頂帳', '溪邊/水庫釣魚  烤肉區  冷藏', '※ 由於露營地會經過大羅蘭農場的私人土地友進住需加收50元的停車費。\r\n※ 升火烤肉請移至烤肉區，營位旁禁止升火', 'campsite38.jpg', 6, '週邊賞螢'),
(39, '晨堡露營區', '新竹縣尖石鄉錦屏村那羅209號', '24.7737944,121.4788949', '02-2252-7966 ', '', 'GoCamping002@gamil.com', '', '入營14:00\r\n拔營12:00', '小家庭', '新竹縣', '尖石鄉', 1, '依山傍水，可眺望整個那羅部落風景，是個可以得到充分休息的親子營地', '※ 每帳基本入住限4人，第5人起，每1人加收200元\r\n※ 每營位限1睡帳+1客廳帳\r\n※ 此區不接露營拖車&露營車&車頂帳', '溪邊/水庫釣魚  烤肉區  冷藏', '※ 由於露營地會經過大羅蘭農場的私人土地友進住需加收50元的停車費。\r\n※ 升火烤肉請移至烤肉區，營位旁禁止升火', 'campsite39.jpg', 6, '週邊賞螢'),
(40, '樂哈山營地', '新竹縣五峰鄉桃山村18鄰白蘭311-4號', '24.926455,121.526396', '02-2252-7966', '', 'GoCamping003@gamil.com', '', '入營12:00\r\n拔營11:00', '小家庭', '新竹縣', '五峰鄉', 1, '高海拔景色多彩多姿，交通便利、寧靜健康是樂哈山的天然資源', '※ 新增涼亭棚區、池綠棚區、湖岸區，歡迎預約入住。\r\n※ 湖景區即日起不再接新單囉。\r\n※ 椰樹區調整為可搭3帳 $3400。', '生態池  餐廳/咖啡廳  冷凍  冷藏  吹風', '※ 平日訂位基本需訂3帳以上。\r\n※ 營區僅開放3個月內的散訂、包區及3月個以上限包場。', 'campsite40.jpg', 9, '營區賞螢  食材代訂/直配'),
(41, 'KT露營區', '新竹縣五峰鄉花園村8鄰168-1號', '24.926167,121.526472', '02-2252-7966', '', 'GoCamping004@gamil.com', '', '入營12:00 \r\n拔營12:00', '小家庭', '新竹縣', '五峰鄉', 1, '關於KT...簡單來說Kuyu(谷猶)Toyu(島尤)\r\n是泰雅族傳統的名字，由姊妹共同經營...\r\n自然的生態，新鮮的空氣，KT等你來體驗', '※ 雨棚區有附桌椅可使用\r\n※ 每營位限搭1睡帳1客廳帳1車，多一車加100元，訪客需付入園費。\r\n※ 營帳為神殿、熊帳、怪獸帳、變形金剛、5 X 8大天幕者，請訂2個營位。\r\n※ 九芎區，可接露營拖車&露營車&車頂帳，營位費用以每帳計算。\r\n※ 每營位限4人入住，第5人起，酌收人頭費300元/人(入住上限6人，2歲以下免費)。', '戲水池  販賣部  烤肉區  冷凍  冷藏', '一日遊資訊：如需預定請洽營主\r\n※ 一日遊費用(附烤肉桌椅、烤肉設備自備)：全票(13歲以上) 200元、兒童(02~12歲) 100元；\r\n※ 烤爐租借費用：100/個。\r\n※ 停車費 100元。\r\n※ 販賣部提供：烤肉用具(耗材)/零食/飲料/泡', 'campsite41.jpg', 12, '營區賞螢'),
(42, '馬雅竹軒露營區', '新竹縣五峰鄉桃山村白蘭18鄰305-3號', '24.2658224,120.7832063', '02-2252-7966', '02-2252-7966', 'susu@gmail.com', '蘇先生', '假日08:00~22:00', '大型派對', '新竹縣', '五峰鄉', 1, '夏天避暑聖地 享受雲霧繚繞花團錦簇 體驗熱情泰雅文化', '', '', '', 'campsite42.jpg', 0, ''),
(43, '綠宥子甜柿果園露營區', '新竹縣尖石鄉新樂村煤源10鄰65-3號', '24.926455,121.526396', '02-2252-7966', '', 'GoCamping003@gamil.com', '', '入營12:00\r\n拔營11:00', '小家庭', '新竹縣', '尖石鄉', 1, '甜美溫馨的露營小天地', '※ 新增涼亭棚區、池綠棚區、湖岸區，歡迎預約入住。\r\n※ 湖景區即日起不再接新單囉。\r\n※ 椰樹區調整為可搭3帳 $3400。', '生態池  餐廳/咖啡廳  冷凍  冷藏  吹風', '※ 平日訂位基本需訂3帳以上。\r\n※ 營區僅開放3個月內的散訂、包區及3月個以上限包場。', 'campsite43.jpg', 9, '營區賞螢  食材代訂/直配'),
(44, '楠桂坊露營區', '新竹縣五峰鄉竹林村和平154-1號', '24.926167,121.526472', '02-2252-7966', '', 'GoCamping004@gamil.com', '', '入營12:00 \r\n拔營12:00', '小家庭', '新竹縣', '五峰鄉', 1, '隱身於五峰和平部落　被肖楠與桂花圍繞的全雨棚營區', '※ 雨棚區有附桌椅可使用\r\n※ 每營位限搭1睡帳1客廳帳1車，多一車加100元，訪客需付入園費。\r\n※ 營帳為神殿、熊帳、怪獸帳、變形金剛、5 X 8大天幕者，請訂2個營位。\r\n※ 九芎區，可接露營拖車&露營車&車頂帳，營位費用以每帳計算。\r\n※ 每營位限4人入住，第5人起，酌收人頭費300元/人(入住上限6人，2歲以下免費)。', '戲水池  販賣部  烤肉區  冷凍  冷藏', '一日遊資訊：如需預定請洽營主\r\n※ 一日遊費用(附烤肉桌椅、烤肉設備自備)：全票(13歲以上) 200元、兒童(02~12歲) 100元；\r\n※ 烤爐租借費用：100/個。\r\n※ 停車費 100元。\r\n※ 販賣部提供：烤肉用具(耗材)/零食/飲料/泡', 'campsite44.jpg', 12, '營區賞螢'),
(45, '明園星空營地', '新竹縣新埔鎮巨埔里新龍路891巷19弄39號', '24.2658224,120.7832063', '02-2252-7966', '02-2252-7966', 'susu@gmail.com', '蘇先生', '假日08:00~22:00', '大型派對', '新竹縣', '新埔鎮', 1, '給您最好的服務 最好的享受 近山林 擁抱自然 放鬆身心 遠離塵囂', '', '', '', 'campsite45.jpg', 0, ''),
(46, '小尖石露營區', '新竹縣尖石鄉新樂村拉號部', '24.7737944,121.4788949', '02-2252-7966 ', '', 'GoCamping002@gamil.com', '', '入營14:00\r\n拔營12:00', '小家庭', '新竹縣', '尖石鄉', 1, '遊樂設施多 適合親子放鬆', '※ 每帳基本入住限4人，第5人起，每1人加收200元\r\n※ 每營位限1睡帳+1客廳帳\r\n※ 此區不接露營拖車&露營車&車頂帳', '溪邊/水庫釣魚  烤肉區  冷藏', '※ 由於露營地會經過大羅蘭農場的私人土地友進住需加收50元的停車費。\r\n※ 升火烤肉請移至烤肉區，營位旁禁止升火', 'campsite46.jpg', 6, '週邊賞螢'),
(47, '觀雲露營區', '新竹縣五峰鄉大隘村23鄰461-2號', '24.7737944,121.4788949', '02-2252-7966 ', '', 'GoCamping002@gamil.com', '', '入營14:00\r\n拔營12:00', '小家庭', '新竹縣', '五峰鄉', 1, '位於五峰鄉大隘村 中高海拔營地 雲霧繚繞的純璞露營小空間', '※ 每帳基本入住限4人，第5人起，每1人加收200元\r\n※ 每營位限1睡帳+1客廳帳\r\n※ 此區不接露營拖車&露營車&車頂帳', '溪邊/水庫釣魚  烤肉區  冷藏', '※ 由於露營地會經過大羅蘭農場的私人土地友進住需加收50元的停車費。\r\n※ 升火烤肉請移至烤肉區，營位旁禁止升火', 'campsite47.jpg', 6, '週邊賞螢'),
(48, '孟享露營區', '新竹縣尖石鄉馬胎義興村7鄰', '24.926455,121.526396', '02-2252-7966', '', 'GoCamping003@gamil.com', '', '入營12:00\r\n拔營11:00', '小家庭', '新竹縣', '尖石鄉', 1, '享受山林芬多精 家庭包場推薦', '※ 新增涼亭棚區、池綠棚區、湖岸區，歡迎預約入住。\r\n※ 湖景區即日起不再接新單囉。\r\n※ 椰樹區調整為可搭3帳 $3400。', '生態池  餐廳/咖啡廳  冷凍  冷藏  吹風', '※ 平日訂位基本需訂3帳以上。\r\n※ 營區僅開放3個月內的散訂、包區及3月個以上限包場。', 'campsite48.jpg', 9, '營區賞螢  食材代訂/直配'),
(49, '梅花山莊', '新竹縣尖石鄉梅花村6鄰148號', '24.926167,121.526472', '02-2252-7966', '', 'GoCamping004@gamil.com', '', '入營12:00 \r\n拔營12:00', '小家庭', '新竹縣', '尖石鄉', 1, '位於尖石鄉梅花山腰，因此山莊即以「梅花」為名', '※ 雨棚區有附桌椅可使用\r\n※ 每營位限搭1睡帳1客廳帳1車，多一車加100元，訪客需付入園費。\r\n※ 營帳為神殿、熊帳、怪獸帳、變形金剛、5 X 8大天幕者，請訂2個營位。\r\n※ 九芎區，可接露營拖車&露營車&車頂帳，營位費用以每帳計算。\r\n※ 每營位限4人入住，第5人起，酌收人頭費300元/人(入住上限6人，2歲以下免費)。', '戲水池  販賣部  烤肉區  冷凍  冷藏', '一日遊資訊：如需預定請洽營主\r\n※ 一日遊費用(附烤肉桌椅、烤肉設備自備)：全票(13歲以上) 200元、兒童(02~12歲) 100元；\r\n※ 烤爐租借費用：100/個。\r\n※ 停車費 100元。\r\n※ 販賣部提供：烤肉用具(耗材)/零食/飲料/泡', 'campsite49.jpg', 12, '營區賞螢'),
(50, '尤命築園露營區', '新竹縣尖石鄉新樂村煤源8鄰41號', '24.2658224,120.7832063', '02-2252-7966', '02-2252-7966', 'susu@gmail.com', '蘇先生', '假日08:00~22:00', '大型派對', '新竹縣', '尖石鄉', 1, '一對老夫妻，靠著自己的雙手力量 建造屬於夢想中的露營地', '', '', '', 'campsite50.jpg', 0, '');

-- --------------------------------------------------------

--
-- 資料表結構 `campsite_order`
--

CREATE TABLE `campsite_order` (
  `order_id` int(11) NOT NULL COMMENT '訂單編號',
  `camp_id` int(11) NOT NULL COMMENT '營地id',
  `order_name` varchar(255) COLLATE utf8_unicode_ci NOT NULL COMMENT '訂購人姓名',
  `order_tel` varchar(255) COLLATE utf8_unicode_ci NOT NULL COMMENT '訂購人手機',
  `order_email` varchar(255) COLLATE utf8_unicode_ci NOT NULL COMMENT '訂購人email',
  `order_passname` varchar(255) COLLATE utf8_unicode_ci NOT NULL COMMENT '旅客代表姓名',
  `order_passtel` varchar(255) COLLATE utf8_unicode_ci NOT NULL COMMENT '旅客代表手機',
  `order_passemail` varchar(255) COLLATE utf8_unicode_ci NOT NULL COMMENT '旅客代表email',
  `order_checkindate` date NOT NULL COMMENT '入住日期',
  `mem_account` varchar(255) COLLATE utf8_unicode_ci NOT NULL COMMENT '會員帳號',
  `order_date` date NOT NULL COMMENT '訂購日期',
  `order_feedback` varchar(255) COLLATE utf8_unicode_ci NOT NULL COMMENT '評價',
  `order_cancel` int(11) NOT NULL COMMENT '取消訂單',
  `order_payment` varchar(255) COLLATE utf8_unicode_ci NOT NULL COMMENT '付款方式',
  `order_amount` varchar(255) COLLATE utf8_unicode_ci NOT NULL COMMENT '訂單金額',
  `campArea_id` int(11) NOT NULL COMMENT '訂購區域',
  `order_num` int(11) NOT NULL COMMENT '訂購數量'
) ENGINE=InnoDB DEFAULT CHARSET=utf8 COLLATE=utf8_unicode_ci;

--
-- 資料表的匯出資料 `campsite_order`
--

INSERT INTO `campsite_order` (`order_id`, `camp_id`, `order_name`, `order_tel`, `order_email`, `order_passname`, `order_passtel`, `order_passemail`, `order_checkindate`, `mem_account`, `order_date`, `order_feedback`, `order_cancel`, `order_payment`, `order_amount`, `campArea_id`, `order_num`) VALUES
(1, 1, '訂購假名01', '0911-000-001', 'testOne01@test.com', '代表假名01', '0922-000-001', 'testSec01@gmail.com', '2019-05-24', '1', '2019-05-05', '高CP營區01', 0, '0', '1000', 1, 1),
(2, 1, '訂購假名02', '0911-000-002', 'testOne02@test.com', '代表假名02', '0922-000-002', 'testSec02@gmail.com', '2019-05-25', '2', '2019-05-06', '高CP營區02', 0, '1', '2000', 1, 2),
(3, 2, '訂購假名03', '0911-000-003', 'testOne03@test.com', '代表假名03', '0922-000-003', 'testSec03@gmail.com', '2019-05-26', '3', '2019-05-07', '高CP營區03', 0, '3', '3000', 1, 3),
(4, 2, '訂購假名04', '0911-000-004', 'testOne04@test.com', '代表假名04', '0922-000-004', 'testSec04@gmail.com', '2019-05-27', '4', '2019-05-08', '高CP營區04', 0, '0', '4000', 1, 4),
(5, 3, '訂購假名05', '0911-000-005', 'testOne05@test.com', '代表假名05', '0922-000-005', 'testSec05@gmail.com', '2019-05-28', '5', '2019-05-09', '高CP營區05', 0, '1', '5000', 1, 5),
(6, 3, '訂購假名06', '0911-000-006', 'testOne06@test.com', '代表假名06', '0922-000-006', 'testSec06@gmail.com', '2019-05-29', '6', '2019-05-10', '高CP營區06', 0, '3', '1000', 1, 1),
(7, 5, '訂購假名07', '0911-000-007', 'testOne07@test.com', '代表假名07', '0922-000-007', 'testSec07@gmail.com', '2019-05-30', '7', '2019-05-11', '高CP營區07', 0, '0', '2000', 1, 2),
(8, 5, '訂購假名08', '0911-000-008', 'testOne08@test.com', '代表假名08', '0922-000-008', 'testSec08@gmail.com', '2019-05-31', '8', '2019-05-12', '高CP營區08', 0, '1', '3000', 1, 3),
(9, 6, '訂購假名09', '0911-000-009', 'testOne09@test.com', '代表假名09', '0922-000-009', 'testSec09@gmail.com', '2019-06-01', '9', '2019-05-13', '高CP營區09', 0, '3', '4000', 1, 4),
(10, 6, '訂購假名10', '0911-000-010', 'testOne10@test.com', '代表假名10', '0922-000-010', 'testSec10@gmail.com', '2019-06-02', '10', '2019-05-14', '高CP營區10', 0, '0', '5000', 1, 5),
(11, 7, '訂購假名11', '0911-000-011', 'testOne11@test.com', '代表假名11', '0922-000-011', 'testSec11@gmail.com', '2019-06-03', '11', '2019-05-15', '高CP營區11', 1, '1', '1000', 1, 1),
(12, 7, '訂購假名12', '0911-000-012', 'testOne12@test.com', '代表假名12', '0922-000-012', 'testSec12@gmail.com', '2019-06-04', '12', '2019-05-16', '高CP營區12', 1, '3', '2000', 1, 2),
(13, 10, '訂購假名13', '0911-000-013', 'testOne13@test.com', '代表假名13', '0922-000-013', 'testSec13@gmail.com', '2019-06-05', '13', '2019-05-17', '高CP營區13', 1, '0', '3000', 1, 3),
(14, 10, '訂購假名14', '0911-000-014', 'testOne14@test.com', '代表假名14', '0922-000-014', 'testSec14@gmail.com', '2019-06-06', '14', '2019-05-18', '高CP營區14', 1, '1', '4000', 1, 4),
(15, 11, '訂購假名15', '0911-000-015', 'testOne15@test.com', '代表假名15', '0922-000-015', 'testSec15@gmail.com', '2019-06-07', '15', '2019-05-19', '高CP營區15', 1, '3', '5000', 1, 5),
(16, 11, '訂購假名16', '0911-000-016', 'testOne16@test.com', '代表假名16', '0922-000-016', 'testSec16@gmail.com', '2019-06-08', '16', '2019-05-20', '高CP營區16', 1, '0', '1000', 1, 1),
(17, 12, '訂購假名17', '0911-000-017', 'testOne17@test.com', '代表假名17', '0922-000-017', 'testSec17@gmail.com', '2019-06-09', '17', '2019-05-21', '高CP營區17', 1, '1', '2000', 1, 2),
(18, 12, '訂購假名18', '0911-000-018', 'testOne18@test.com', '代表假名18', '0922-000-018', 'testSec18@gmail.com', '2019-06-10', '18', '2019-05-22', '高CP營區18', 1, '3', '3000', 1, 3),
(19, 13, '訂購假名19', '0911-000-019', 'testOne19@test.com', '代表假名19', '0922-000-019', 'testSec19@gmail.com', '2019-06-11', '19', '2019-05-23', '高CP營區19', 1, '0', '4000', 1, 4),
(20, 13, '訂購假名20', '0911-000-020', 'testOne20@test.com', '代表假名20', '0922-000-020', 'testSec20@gmail.com', '2019-06-12', '20', '2019-05-24', '高CP營區20', 1, '1', '5000', 1, 5);

-- --------------------------------------------------------

--
-- 資料表結構 `campsite_type`
--

CREATE TABLE `campsite_type` (
  `campArea_id` int(11) NOT NULL COMMENT '營區區域編號',
  `camp_id` int(11) NOT NULL COMMENT '營地編號',
  `camp_areapic` text COLLATE utf8_unicode_ci NOT NULL COMMENT '營區圖片',
  `camp_name` varchar(255) COLLATE utf8_unicode_ci NOT NULL COMMENT '營地名稱',
  `camp_area` varchar(255) COLLATE utf8_unicode_ci NOT NULL COMMENT '營區名稱',
  `camp_type` varchar(255) COLLATE utf8_unicode_ci NOT NULL COMMENT '營地類型',
  `camp_size` varchar(255) COLLATE utf8_unicode_ci NOT NULL COMMENT '尺寸',
  `camp_number` int(11) NOT NULL COMMENT '帳數',
  `camp_pricew` int(11) NOT NULL COMMENT '平日價格',
  `camp_priceh` int(11) NOT NULL COMMENT '假日價格',
  `camp_information` text COLLATE utf8_unicode_ci NOT NULL COMMENT '營位資訊'
) ENGINE=InnoDB DEFAULT CHARSET=utf8 COLLATE=utf8_unicode_ci;

--
-- 資料表的匯出資料 `campsite_type`
--

INSERT INTO `campsite_type` (`campArea_id`, `camp_id`, `camp_areapic`, `camp_name`, `camp_area`, `camp_type`, `camp_size`, `camp_number`, `camp_pricew`, `camp_priceh`, `camp_information`) VALUES
(7, 1, '', '何方神聖慢活營', 'A區', '木棧板', '5M*8M', 34, 900, 1000, '浴廁配置：\r\n※ 男獨立淋浴間4間，男廁3間(坐3)、小便斗3座。 \r\n※ 女獨立淋浴間4間，女廁5間(坐3蹲2)。\r\n※ 盥洗室有無障礙廁所及淋浴間。\r\n※ 提供基本沐浴用品及吹風機(共用)。'),
(8, 1, '', '何方神聖慢活營', 'B區', '碎石區 ', '6M*6M', 6, 1000, 1200, '浴廁配置：\r\n※ 男獨立淋浴間4間，男廁3間(坐3)、小便斗3座。 \r\n※ 女獨立淋浴間4間，女廁5間(坐3蹲2)。\r\n※ 盥洗室有無障礙廁所及淋浴間。\r\n※ 提供基本沐浴用品及吹風機(共用)。'),
(9, 2, '', '菁山遊憩區', 'A區', '碎石區', '4M*5M', 12, 1000, 1200, '※ 各區延長線建議長度：A區15Ｍ、B區5Ｍ、C&D區10M。\r\n※ 電箱共用7座，每帳獨立電源。\r\n※ 水槽位於烤肉區，水源為山泉水。'),
(12, 2, '', '菁山遊憩區', 'B區', '棧板', '', 10, 1500, 1200, '※ 各區延長線建議長度：A區15Ｍ、B區5Ｍ、C&D區10M。\r\n※ 電箱共用7座，每帳獨立電源。\r\n※ 水槽位於烤肉區，水源為山泉水。'),
(13, 3, '', '長青谷大自然園區', 'A區', '水泥雨棚', '', 5, 1200, 1400, ''),
(14, 3, 'upload/P01.jpg', '長青谷大自然園區', 'B區', '草地', '24M*10M', 2, 1600, 5000, ''),
(15, 3, '', '長青谷大自然園區', 'C區', '水泥雨棚', '', 5, 1200, 1600, ''),
(16, 4, '', '馬塔大文化露營區', 'A區', '碎石', '4.5M*8M', 10, 800, 1000, ''),
(17, 4, '', '馬塔大文化露營區', 'B區', '草地', '4.5M*8M', 4, 900, 1200, ''),
(18, 5, '', '文山農場', 'A區', '木棧板', '5M*8M', 34, 1000, 1000, '浴廁配置：\r\n※ 男獨立淋浴間4間，男廁3間(坐3)、小便斗3座。 \r\n※ 女獨立淋浴間4間，女廁5間(坐3蹲2)。\r\n※ 盥洗室有無障礙廁所及淋浴間。\r\n※ 提供基本沐浴用品及吹風機(共用)。'),
(19, 5, '', '文山農場', 'B區', '碎石區 ', '6M*6M', 6, 1200, 1200, '浴廁配置：\r\n※ 男獨立淋浴間4間，男廁3間(坐3)、小便斗3座。 \r\n※ 女獨立淋浴間4間，女廁5間(坐3蹲2)。\r\n※ 盥洗室有無障礙廁所及淋浴間。\r\n※ 提供基本沐浴用品及吹風機(共用)。'),
(20, 5, '', '文山農場', 'C區', '碎石區', '4M*5M', 12, 1600, 1200, '※ 各區延長線建議長度：A區15Ｍ、B區5Ｍ、C&D區10M。\r\n※ 電箱共用7座，每帳獨立電源。\r\n※ 水槽位於烤肉區，水源為山泉水。'),
(21, 6, '', '確幸莊園 Treasure Manor', 'A區', '棧板', '', 10, 1200, 1200, '※ 各區延長線建議長度：A區15Ｍ、B區5Ｍ、C&D區10M。\r\n※ 電箱共用7座，每帳獨立電源。\r\n※ 水槽位於烤肉區，水源為山泉水。'),
(22, 6, '', '確幸莊園 Treasure Manor', 'B區', '水泥雨棚', '', 5, 1400, 1400, ''),
(23, 6, 'upload/P01.jpg', '確幸莊園 Treasure Manor', 'C區', '草地', '24M*10M', 2, 2000, 5000, ''),
(24, 7, '', '福田美地', 'A區', '水泥雨棚', '', 5, 1000, 1600, ''),
(25, 7, '', '福田美地', 'B區', '碎石', '4.5M*8M', 10, 1200, 1000, ''),
(26, 7, '', '福田美地', 'C區', '草地', '4.5M*8M', 4, 1000, 1200, ''),
(27, 8, '', '八度野溪露營區', 'A區', '木棧板', '5M*8M', 34, 1000, 1000, '浴廁配置：\r\n※ 男獨立淋浴間4間，男廁3間(坐3)、小便斗3座。 \r\n※ 女獨立淋浴間4間，女廁5間(坐3蹲2)。\r\n※ 盥洗室有無障礙廁所及淋浴間。\r\n※ 提供基本沐浴用品及吹風機(共用)。'),
(28, 8, '', '八度野溪露營區', 'B區', '碎石區 ', '6M*6M', 6, 1000, 1200, '浴廁配置：\r\n※ 男獨立淋浴間4間，男廁3間(坐3)、小便斗3座。 \r\n※ 女獨立淋浴間4間，女廁5間(坐3蹲2)。\r\n※ 盥洗室有無障礙廁所及淋浴間。\r\n※ 提供基本沐浴用品及吹風機(共用)。'),
(29, 8, '', '八度野溪露營區', 'C區', '碎石區', '4M*5M', 12, 1400, 1200, '※ 各區延長線建議長度：A區15Ｍ、B區5Ｍ、C&D區10M。\r\n※ 電箱共用7座，每帳獨立電源。\r\n※ 水槽位於烤肉區，水源為山泉水。'),
(30, 9, '', '七里莊園', 'A區', '棧板', '', 10, 1400, 1200, '※ 各區延長線建議長度：A區15Ｍ、B區5Ｍ、C&D區10M。\r\n※ 電箱共用7座，每帳獨立電源。\r\n※ 水槽位於烤肉區，水源為山泉水。'),
(31, 9, '', '七里莊園', 'B區', '水泥雨棚', '', 5, 1600, 1400, ''),
(32, 9, 'upload/P01.jpg', '七里莊園', 'C區', '草地', '24M*10M', 2, 1900, 5000, ''),
(33, 10, '', '長青谷大自然園區', 'A區', '水泥雨棚', '', 5, 1200, 1600, ''),
(34, 10, '', '文山農場', 'B區', '碎石', '4.5M*8M', 10, 800, 1000, ''),
(35, 10, '', '文山農場', 'C區', '草地', '4.5M*8M', 4, 900, 1200, ''),
(36, 11, '', '長興山水靜露營區', 'A區', '木棧板', '5M*8M', 34, 1200, 1000, '浴廁配置：\r\n※ 男獨立淋浴間4間，男廁3間(坐3)、小便斗3座。 \r\n※ 女獨立淋浴間4間，女廁5間(坐3蹲2)。\r\n※ 盥洗室有無障礙廁所及淋浴間。\r\n※ 提供基本沐浴用品及吹風機(共用)。'),
(37, 11, '', '長興山水靜露營區', 'B區', '碎石區 ', '6M*6M', 6, 1800, 1200, '浴廁配置：\r\n※ 男獨立淋浴間4間，男廁3間(坐3)、小便斗3座。 \r\n※ 女獨立淋浴間4間，女廁5間(坐3蹲2)。\r\n※ 盥洗室有無障礙廁所及淋浴間。\r\n※ 提供基本沐浴用品及吹風機(共用)。'),
(38, 11, '', '長興山水靜露營區', 'C區', '碎石區', '4M*5M', 12, 1400, 1200, '※ 各區延長線建議長度：A區15Ｍ、B區5Ｍ、C&D區10M。\r\n※ 電箱共用7座，每帳獨立電源。\r\n※ 水槽位於烤肉區，水源為山泉水。'),
(39, 12, '', '綠果子休憩站', 'A區', '棧板', '', 10, 800, 1200, '※ 各區延長線建議長度：A區15Ｍ、B區5Ｍ、C&D區10M。\r\n※ 電箱共用7座，每帳獨立電源。\r\n※ 水槽位於烤肉區，水源為山泉水。'),
(40, 12, '', '綠果子休憩站', 'A區', '水泥雨棚', '', 5, 1000, 1400, ''),
(41, 12, 'upload/P01.jpg', '綠果子休憩站', 'B區', '草地', '24M*10M', 2, 2000, 5000, ''),
(42, 13, '', '楓之谷露營區', 'C區', '水泥雨棚', '', 5, 1600, 1600, ''),
(43, 13, '', '楓之谷露營區', 'A區', '碎石', '4.5M*8M', 10, 800, 1000, ''),
(44, 14, '', '水樂活親子農場', 'B區', '草地', '4.5M*8M', 4, 1200, 1200, ''),
(45, 14, '', '水樂活親子農場', 'A區', '水泥雨棚', '', 5, 1400, 1600, ''),
(46, 15, '', '八福露營區', 'B區', '碎石', '4.5M*8M', 10, 1000, 1000, ''),
(47, 15, '', '八福露營區', 'B區', '草地', '4.5M*8M', 4, 1500, 1200, ''),
(48, 16, '', '雪霧鬧松野農園', 'A區', '棧板', '', 10, 1000, 1200, '※ 各區延長線建議長度：A區15Ｍ、B區5Ｍ、C&D區10M。\r\n※ 電箱共用7座，每帳獨立電源。\r\n※ 水槽位於烤肉區，水源為山泉水。'),
(49, 16, '', '雪霧鬧松野農園', 'B區', '水泥雨棚', '', 5, 1200, 1400, ''),
(50, 17, 'upload/P01.jpg', '戀戀天湖', 'A區', '草地', '24M*10M', 2, 900, 5000, ''),
(51, 17, '', '戀戀天湖', 'B區', '水泥雨棚', '', 5, 1200, 1600, ''),
(52, 17, '', '戀戀天湖', 'C區', '碎石', '4.5M*8M', 10, 1600, 1000, ''),
(53, 18, '', '梅花梯田露營區', 'A區', '草地', '4.5M*8M', 4, 1200, 1200, ''),
(54, 18, 'upload/P01.jpg', '梅花梯田露營區', 'B區', '草地', '24M*10M', 2, 1800, 5000, ''),
(55, 19, '', '遊橘露營區', 'A區', '水泥雨棚', '', 5, 1000, 1600, ''),
(56, 19, '', '遊橘露營區', 'B區', '碎石', '4.5M*8M', 10, 1500, 1000, ''),
(57, 20, '', '晴園秘境', 'A區', '草地', '4.5M*8M', 4, 900, 1200, ''),
(58, 20, '', '何方神聖慢活營', 'B區', '棧板', '', 10, 1400, 1200, '※ 各區延長線建議長度：A區15Ｍ、B區5Ｍ、C&D區10M。\r\n※ 電箱共用7座，每帳獨立電源。\r\n※ 水槽位於烤肉區，水源為山泉水。'),
(59, 21, '', '長青谷大自然園區', 'A區', '水泥雨棚', '', 5, 1000, 1400, ''),
(60, 21, 'upload/P01.jpg', '長青谷大自然園區', 'B區', '草地', '24M*10M', 2, 5000, 5000, ''),
(61, 21, '', '長青谷大自然園區', 'C區', '水泥雨棚', '', 5, 1200, 1600, ''),
(62, 22, '', '文山農場', 'A區', '碎石', '4.5M*8M', 10, 800, 1000, ''),
(63, 22, '', '文山農場', 'B區', '草地', '4.5M*8M', 4, 900, 1200, ''),
(64, 23, '', '文山農場', 'A區', '草地', '4.5M*8M', 4, 900, 1200, ''),
(65, 23, 'upload/P01.jpg', '長青谷大自然園區', 'B區', '草地', '24M*10M', 2, 5000, 5000, ''),
(66, 23, '', '長青谷大自然園區', 'C區', '水泥雨棚', '', 5, 1200, 1600, ''),
(68, 24, '', '文山農場', 'A區', '草地', '4.5M*8M', 4, 900, 1200, ''),
(69, 24, '', '何方神聖慢活營', 'B區', '棧板', '', 10, 900, 1200, '※ 各區延長線建議長度：A區15Ｍ、B區5Ｍ、C&D區10M。\r\n※ 電箱共用7座，每帳獨立電源。\r\n※ 水槽位於烤肉區，水源為山泉水。'),
(70, 24, '', '長青谷大自然園區', 'C區', '水泥雨棚', '', 5, 1000, 1400, ''),
(71, 25, 'upload/P01.jpg', '長青谷大自然園區', 'A區', '草地', '24M*10M', 2, 5000, 5000, ''),
(72, 25, '', '長青谷大自然園區', 'B區', '水泥雨棚', '', 5, 1200, 1600, ''),
(73, 26, '', '文山農場', 'A區', '碎石', '4.5M*8M', 10, 800, 1000, ''),
(74, 26, '', '文山農場', 'B區', '草地', '4.5M*8M', 4, 900, 1200, ''),
(75, 27, 'upload/P01.jpg', '長青谷大自然園區', 'A區', '草地', '24M*10M', 2, 5000, 5000, ''),
(76, 27, '', '長青谷大自然園區', 'B區', '水泥雨棚', '', 5, 1200, 1600, ''),
(77, 27, '', '文山農場', 'C區', '碎石', '4.5M*8M', 10, 800, 1000, ''),
(78, 28, '', '文山農場', 'A區', '草地', '4.5M*8M', 4, 900, 1200, ''),
(79, 28, '', '何方神聖慢活營', 'B區', '棧板', '', 10, 900, 1200, '※ 各區延長線建議長度：A區15Ｍ、B區5Ｍ、C&D區10M。\r\n※ 電箱共用7座，每帳獨立電源。\r\n※ 水槽位於烤肉區，水源為山泉水。'),
(80, 28, '', '長青谷大自然園區', 'c區', '水泥雨棚', '', 5, 1000, 1400, ''),
(81, 29, 'upload/P01.jpg', '長青谷大自然園區', 'A區', '草地', '24M*10M', 2, 5000, 5000, ''),
(82, 29, '', '長青谷大自然園區', 'B區', '水泥雨棚', '', 5, 1200, 1600, ''),
(83, 30, '', '文山農場', 'A區', '碎石', '4.5M*8M', 10, 800, 1000, ''),
(84, 30, '', '文山農場', 'B區', '草地', '4.5M*8M', 4, 900, 1200, ''),
(85, 31, '', '文山農場', 'A區', '碎石', '4.5M*8M', 10, 800, 1000, ''),
(86, 31, '', '文山農場', 'B區', '草地', '4.5M*8M', 4, 900, 1200, ''),
(87, 32, '', '文山農場', 'A區', '碎石', '4.5M*8M', 10, 800, 1000, ''),
(88, 32, '', '文山農場', 'B區', '草地', '4.5M*8M', 4, 900, 1200, ''),
(89, 33, '', '文山農場', 'A區', '碎石', '4.5M*8M', 10, 800, 1000, ''),
(90, 33, '', '文山農場', 'B區', '草地', '4.5M*8M', 4, 900, 1200, ''),
(91, 34, '', '文山農場', 'A區', '碎石', '4.5M*8M', 10, 800, 1000, ''),
(92, 34, '', '文山農場', 'B區', '草地', '4.5M*8M', 4, 900, 1200, ''),
(93, 35, '', '文山農場', 'A區', '碎石', '4.5M*8M', 10, 800, 1000, ''),
(94, 35, '', '文山農場', 'B區', '草地', '4.5M*8M', 4, 900, 1200, ''),
(95, 36, '', '文山農場', 'A區', '碎石', '4.5M*8M', 10, 800, 1000, ''),
(96, 36, '', '文山農場', 'B區', '草地', '4.5M*8M', 4, 900, 1200, ''),
(97, 37, '', '文山農場', 'A區', '碎石', '4.5M*8M', 10, 800, 1000, ''),
(98, 37, '', '文山農場', 'B區', '草地', '4.5M*8M', 4, 900, 1200, ''),
(99, 38, '', '文山農場', 'A區', '碎石', '4.5M*8M', 10, 800, 1000, ''),
(100, 38, '', '文山農場', 'B區', '草地', '4.5M*8M', 4, 900, 1200, ''),
(101, 39, '', '文山農場', 'A區', '碎石', '4.5M*8M', 10, 800, 1000, ''),
(102, 39, '', '文山農場', 'B區', '草地', '4.5M*8M', 4, 900, 1200, ''),
(103, 40, '', '文山農場', 'A區', '碎石', '4.5M*8M', 10, 800, 1000, ''),
(104, 40, '', '文山農場', 'B區', '草地', '4.5M*8M', 4, 900, 1200, ''),
(105, 41, '', '文山農場', 'A區', '碎石', '4.5M*8M', 10, 800, 1000, ''),
(106, 41, '', '文山農場', 'B區', '草地', '4.5M*8M', 4, 900, 1200, ''),
(107, 42, '', '文山農場', 'A區', '碎石', '4.5M*8M', 10, 800, 1000, ''),
(108, 42, '', '文山農場', 'B區', '草地', '4.5M*8M', 4, 900, 1200, ''),
(109, 43, '', '文山農場', 'A區', '碎石', '4.5M*8M', 10, 800, 1000, ''),
(110, 43, '', '文山農場', 'B區', '草地', '4.5M*8M', 4, 900, 1200, ''),
(111, 44, '', '文山農場', 'A區', '碎石', '4.5M*8M', 10, 800, 1000, ''),
(112, 44, '', '文山農場', 'B區', '草地', '4.5M*8M', 4, 900, 1200, ''),
(113, 45, '', '文山農場', 'A區', '碎石', '4.5M*8M', 10, 800, 1000, ''),
(114, 45, '', '文山農場', 'B區', '草地', '4.5M*8M', 4, 900, 1200, ''),
(115, 46, '', '文山農場', 'A區', '碎石', '4.5M*8M', 10, 800, 1000, ''),
(116, 46, '', '文山農場', 'B區', '草地', '4.5M*8M', 4, 900, 1200, ''),
(117, 47, '', '文山農場', 'A區', '碎石', '4.5M*8M', 10, 800, 1000, ''),
(118, 47, '', '文山農場', 'B區', '草地', '4.5M*8M', 4, 900, 1200, ''),
(119, 48, '', '文山農場', 'A區', '碎石', '4.5M*8M', 10, 800, 1000, ''),
(120, 48, '', '文山農場', 'B區', '草地', '4.5M*8M', 4, 900, 1200, ''),
(121, 49, '', '文山農場', 'A區', '碎石', '4.5M*8M', 10, 800, 1000, ''),
(122, 49, '', '文山農場', 'B區', '草地', '4.5M*8M', 4, 900, 1200, ''),
(123, 50, '', '文山農場', 'A區', '碎石', '4.5M*8M', 10, 800, 1000, ''),
(124, 50, '', '文山農場', 'B區', '草地', '4.5M*8M', 4, 900, 1200, '');

-- --------------------------------------------------------

--
-- 資料表結構 `coupon`
--

CREATE TABLE `coupon` (
  `coupon_id` int(11) NOT NULL,
  `coupon_name` varchar(255) NOT NULL,
  `coupon_code` varchar(255) NOT NULL,
  `created_at` datetime NOT NULL DEFAULT CURRENT_TIMESTAMP,
  `dis_num` int(11) NOT NULL,
  `dis_type` int(11) NOT NULL,
  `issue_condi` int(11) NOT NULL COMMENT '發放條件',
  `coupon_valid` int(2) NOT NULL,
  `coupon_expire` date NOT NULL,
  `user_id` int(11) NOT NULL
) ENGINE=InnoDB DEFAULT CHARSET=utf8;

--
-- 資料表的匯出資料 `coupon`
--

INSERT INTO `coupon` (`coupon_id`, `coupon_name`, `coupon_code`, `created_at`, `dis_num`, `dis_type`, `issue_condi`, `coupon_valid`, `coupon_expire`, `user_id`) VALUES
(105, 'coupon', 'crm2v8', '2019-04-08 14:10:40', 10, 1, 1, 0, '2019-04-24', 141),
(106, 'coupon', '391wp2', '2019-04-08 14:10:40', 10, 1, 1, 0, '2019-04-24', 141),
(107, 'coupon', 'reughl', '2019-04-08 14:10:40', 10, 1, 1, 0, '2019-04-24', 138),
(108, 'coupon', 'uaniso', '2019-04-08 14:10:41', 10, 1, 1, 0, '2019-04-24', 140),
(109, 'coupon', 'g2o875', '2019-04-08 14:10:41', 10, 1, 1, 0, '2019-04-24', 151),
(110, 'coupon', '8hfo43', '2019-04-08 14:10:41', 10, 1, 1, 0, '2019-04-24', 159),
(111, 'coupon', 'huyvne', '2019-04-08 14:10:41', 10, 1, 1, 0, '2019-04-24', 172),
(112, 'coupon', 'lxpcvg', '2019-04-08 14:10:41', 10, 1, 1, 0, '2019-04-24', 173),
(113, 'coupon', '6urgtz', '2019-04-08 14:10:41', 10, 1, 1, 0, '2019-04-24', 186),
(114, 'coupon', 'u1lb04', '2019-04-08 14:10:41', 10, 1, 1, 0, '2019-04-24', 187);

-- --------------------------------------------------------

--
-- 資料表結構 `coupon_gain`
--

CREATE TABLE `coupon_gain` (
  `gain_record_id` int(11) NOT NULL,
  `coupon_genre_id` int(11) NOT NULL,
  `coupon_code` varchar(255) NOT NULL,
  `gain_date` datetime NOT NULL DEFAULT CURRENT_TIMESTAMP,
  `coupon_valid` int(2) NOT NULL DEFAULT '1',
  `mem_account` varchar(255) NOT NULL
) ENGINE=InnoDB DEFAULT CHARSET=utf8;

--
-- 資料表的匯出資料 `coupon_gain`
--

INSERT INTO `coupon_gain` (`gain_record_id`, `coupon_genre_id`, `coupon_code`, `gain_date`, `coupon_valid`, `mem_account`) VALUES
(1, 1, 'c0tua8', '2019-05-07 17:27:51', 1, 'tigger'),
(2, 17, 'cwsxjy', '2019-05-07 17:27:51', 1, 'tigger'),
(3, 6, 'ra4msz', '2019-05-07 17:27:51', 1, 'tigger'),
(4, 0, 'duv5is', '2019-05-07 17:27:51', 1, ''),
(5, 0, 's2ij0z', '2019-05-07 17:27:51', 1, ''),
(51, 0, 'FXGOXX', '2019-05-26 15:39:45', 1, ''),
(52, 0, 'KIWT66', '2019-05-26 15:39:45', 1, ''),
(53, 0, 'JRDUU', '2019-05-26 15:39:45', 1, ''),
(54, 0, '6W3ELL', '2019-05-26 15:39:45', 1, ''),
(55, 0, '6YO7XX', '2019-05-26 15:39:45', 1, ''),
(56, 0, 'WZJ6QQ', '2019-05-26 15:39:45', 1, ''),
(57, 0, 'XPBY99', '2019-05-26 15:39:45', 1, ''),
(58, 0, 'C1JG11', '2019-05-26 15:39:45', 1, ''),
(59, 0, 'JKFMJJ', '2019-05-26 15:39:45', 1, ''),
(60, 0, '6DEFII', '2019-05-26 15:39:45', 1, ''),
(61, 0, '2XDLOO', '2019-05-26 15:39:45', 1, ''),
(62, 0, 'J3BVWW', '2019-05-26 15:39:45', 1, ''),
(63, 0, '5GXYTT', '2019-05-26 15:39:45', 1, ''),
(64, 0, '1GGRRR', '2019-05-26 15:39:45', 1, ''),
(65, 0, 'WRBBKK', '2019-05-26 15:39:45', 1, ''),
(69, 0, 'RBMFYY', '2019-05-26 15:39:45', 1, ''),
(70, 0, 'C38GUU', '2019-05-26 15:39:45', 1, ''),
(71, 0, 'RYDZYY', '2019-05-26 15:39:45', 1, ''),
(72, 0, '9NIP88', '2019-05-26 15:39:45', 1, ''),
(73, 0, '2FUDHH', '2019-05-26 15:39:45', 1, ''),
(74, 0, 'D1CNCC', '2019-05-26 15:39:45', 1, ''),
(75, 0, 'D67OMM', '2019-05-26 15:39:45', 1, ''),
(76, 0, '8495RR', '2019-05-26 15:39:45', 1, ''),
(86, 0, 'DNZNXX', '2019-05-26 15:39:45', 1, ''),
(87, 0, '5SVNVV', '2019-05-26 15:39:45', 1, ''),
(88, 0, 'BM8ONN', '2019-05-26 15:39:45', 1, ''),
(89, 0, 'GWF355', '2019-05-26 15:39:45', 1, ''),
(90, 0, '5DY6GG', '2019-05-26 15:39:45', 1, ''),
(91, 0, 'WCF9EE', '2019-05-26 15:39:45', 1, ''),
(94, 0, 'H3XLZZ', '2019-05-26 15:39:45', 1, ''),
(95, 0, 'T4M5GG', '2019-05-26 15:39:45', 1, ''),
(96, 0, '0ZMSGG', '2019-05-26 15:39:45', 1, ''),
(97, 0, '0KXII', '2019-05-26 15:39:45', 1, ''),
(98, 0, 'DD0QUU', '2019-05-26 15:39:45', 1, ''),
(99, 0, 'SFFFOO', '2019-05-26 15:39:45', 1, ''),
(100, 0, '0VJA33', '2019-05-26 15:39:45', 1, ''),
(101, 0, '2M5NCC', '2019-05-26 15:39:45', 1, ''),
(105, 0, 'UCU700', '2019-05-26 15:39:45', 1, ''),
(110, 0, 'RKG3LL', '2019-05-26 15:39:45', 1, ''),
(111, 0, 'H2WQYY', '2019-05-26 15:39:45', 3, ''),
(112, 0, 'QG9SDD', '2019-05-26 15:39:45', 1, ''),
(113, 0, '5WGDD', '2019-05-26 15:39:45', 3, ''),
(114, 0, 'XYLTHH', '2019-05-26 15:39:45', 1, ''),
(115, 0, 'XC2WFF', '2019-05-26 15:39:45', 1, ''),
(116, 0, 'E4YWKK', '2019-05-26 15:39:45', 1, ''),
(117, 0, 'COBB55', '2019-05-26 15:39:45', 1, ''),
(118, 0, 'CJMM', '2019-05-26 15:39:45', 1, ''),
(119, 0, 'O8VGFF', '2019-05-26 15:39:45', 1, ''),
(120, 0, 'BQ0U66', '2019-05-26 15:39:45', 1, ''),
(121, 0, 'XNDU55', '2019-05-26 15:39:45', 1, ''),
(122, 0, '7N3LKK', '2019-05-26 15:39:45', 1, ''),
(123, 0, 'IOJO88', '2019-05-26 15:39:45', 1, ''),
(124, 0, '9MLH22', '2019-05-26 15:39:45', 1, ''),
(125, 0, 'EYV3QQ', '2019-05-26 15:39:45', 1, ''),
(126, 0, 'XT5V33', '2019-05-26 15:39:45', 1, ''),
(127, 0, 'M8WL77', '2019-05-26 15:39:45', 1, ''),
(128, 0, 'CQASNN', '2019-05-26 15:39:45', 1, ''),
(129, 0, 'WUUA44', '2019-05-26 15:39:45', 1, ''),
(130, 0, 'W1P0YY', '2019-05-26 15:39:45', 1, ''),
(131, 0, '080MZZ', '2019-05-26 15:39:45', 1, ''),
(132, 0, '08PB44', '2019-05-26 15:39:45', 1, ''),
(133, 0, 'H764TT', '2019-05-30 11:39:15', 1, ''),
(134, 0, '84LVYY', '2019-05-30 11:39:15', 1, ''),
(135, 0, '3T7FVV', '2019-05-30 11:39:15', 1, ''),
(136, 0, 'QZ4IDD', '2019-05-30 11:39:15', 1, ''),
(137, 0, '7LS3JJ', '2019-05-30 11:39:15', 1, ''),
(138, 0, 'NEGW', '2019-05-30 11:39:15', 1, ''),
(139, 0, 'E5CLUU', '2019-05-30 11:39:15', 1, ''),
(140, 0, 'L07EBB', '2019-05-30 11:39:15', 1, ''),
(141, 0, '6R48CC', '2019-05-30 11:39:15', 1, ''),
(142, 0, 'JU8MMM', '2019-05-30 11:39:15', 1, ''),
(143, 0, '69F9SS', '2019-05-30 11:39:15', 1, ''),
(144, 0, 'WNB2UU', '2019-05-30 11:39:15', 1, ''),
(145, 0, 'BU8YUU', '2019-05-30 11:39:15', 1, ''),
(146, 0, '639SS', '2019-05-30 11:39:15', 1, ''),
(147, 0, '2U2LNN', '2019-05-30 11:39:15', 1, ''),
(148, 0, '3TXF11', '2019-05-30 11:39:15', 1, ''),
(149, 0, '0H0RTT', '2019-05-30 11:39:15', 1, ''),
(150, 0, 'FXGOXX', '2019-05-30 11:39:15', 1, ''),
(151, 0, 'KIWT66', '2019-05-30 11:39:15', 1, ''),
(152, 0, 'JRDUU', '2019-05-30 11:39:15', 1, ''),
(153, 0, '6W3ELL', '2019-05-30 11:39:15', 1, ''),
(154, 0, '6YO7XX', '2019-05-30 11:39:15', 1, ''),
(155, 0, 'WZJ6QQ', '2019-05-30 11:39:15', 1, ''),
(156, 0, 'XPBY99', '2019-05-30 11:39:15', 1, ''),
(157, 0, 'C1JG11', '2019-05-30 11:39:15', 1, ''),
(158, 0, 'JKFMJJ', '2019-05-30 11:39:15', 1, ''),
(159, 0, '6DEFII', '2019-05-30 11:39:15', 1, ''),
(160, 0, '2XDLOO', '2019-05-30 11:39:15', 1, ''),
(161, 0, 'J3BVWW', '2019-05-30 11:39:15', 1, ''),
(162, 0, '5GXYTT', '2019-05-30 11:39:15', 1, ''),
(163, 0, '1GGRRR', '2019-05-30 11:39:15', 1, ''),
(164, 0, 'WRBBKK', '2019-05-30 11:39:15', 1, ''),
(165, 0, '05L544', '2019-05-30 11:39:15', 1, ''),
(166, 0, 'PBSBDD', '2019-05-30 11:39:15', 1, ''),
(167, 0, 'IJG7KK', '2019-05-30 11:39:15', 1, ''),
(168, 0, 'RBMFYY', '2019-05-30 11:39:15', 1, ''),
(169, 0, 'C38GUU', '2019-05-30 11:39:15', 1, ''),
(170, 0, 'RYDZYY', '2019-05-30 11:39:15', 1, ''),
(171, 0, '9NIP88', '2019-05-30 11:39:15', 1, ''),
(172, 0, '2FUDHH', '2019-05-30 11:39:15', 1, ''),
(173, 0, 'D1CNCC', '2019-05-30 11:39:15', 1, ''),
(174, 0, 'D67OMM', '2019-05-30 11:39:15', 1, ''),
(175, 0, '8495RR', '2019-05-30 11:39:15', 1, ''),
(176, 0, '0RMO55', '2019-05-30 11:39:15', 1, ''),
(177, 0, '7J6A55', '2019-05-30 11:39:15', 1, ''),
(178, 0, 'J04OPP', '2019-05-30 11:39:15', 1, ''),
(179, 0, '1SY433', '2019-05-30 11:39:15', 1, ''),
(180, 0, '32SHHH', '2019-05-30 11:39:15', 1, ''),
(181, 0, 'FI8O33', '2019-05-30 11:39:15', 1, ''),
(182, 0, '01CPPP', '2019-05-30 11:39:15', 1, ''),
(183, 0, 'DQW8TT', '2019-05-30 11:39:15', 1, ''),
(184, 0, 'JM7DMM', '2019-05-30 11:39:15', 1, ''),
(185, 0, 'DNZNXX', '2019-05-30 11:39:15', 1, ''),
(186, 0, '5SVNVV', '2019-05-30 11:39:15', 1, ''),
(187, 0, 'BM8ONN', '2019-05-30 11:39:15', 1, ''),
(188, 0, 'GWF355', '2019-05-30 11:39:15', 1, ''),
(189, 0, '5DY6GG', '2019-05-30 11:39:15', 1, ''),
(190, 0, 'WCF9EE', '2019-05-30 11:39:15', 1, ''),
(191, 0, 'XXWLEE', '2019-05-30 11:39:15', 1, ''),
(192, 0, 'H2S188', '2019-05-30 11:39:15', 1, ''),
(193, 0, 'H3XLZZ', '2019-05-30 11:39:15', 1, ''),
(194, 0, 'T4M5GG', '2019-05-30 11:39:15', 1, ''),
(195, 0, '0ZMSGG', '2019-05-30 11:39:15', 1, ''),
(196, 0, '0KXII', '2019-05-30 11:39:15', 1, ''),
(197, 0, 'DD0QUU', '2019-05-30 11:39:15', 1, ''),
(198, 0, 'SFFFOO', '2019-05-30 11:39:15', 1, ''),
(199, 0, '0VJA33', '2019-05-30 11:39:15', 1, ''),
(200, 0, '2M5NCC', '2019-05-30 11:39:15', 1, ''),
(201, 0, 'SJ8PEE', '2019-05-30 11:39:15', 1, ''),
(202, 0, '8SFRYY', '2019-05-30 11:39:15', 1, ''),
(203, 0, 'PI877', '2019-05-30 11:39:15', 1, ''),
(204, 0, 'UCU700', '2019-05-30 11:39:15', 1, ''),
(205, 0, 'EC3J99', '2019-05-30 11:39:15', 1, ''),
(206, 0, 'L11422', '2019-05-30 11:39:15', 1, ''),
(207, 0, 'P36II', '2019-05-30 11:39:15', 1, ''),
(208, 0, 'T4S1RR', '2019-05-30 11:39:15', 1, ''),
(209, 0, 'RKG3LL', '2019-05-30 11:39:15', 1, ''),
(210, 0, 'H2WQYY', '2019-05-30 11:39:15', 1, ''),
(211, 0, 'QG9SDD', '2019-05-30 11:39:15', 1, ''),
(212, 0, '5WGDD', '2019-05-30 11:39:15', 1, ''),
(213, 0, 'XYLTHH', '2019-05-30 11:39:15', 1, ''),
(214, 0, 'XC2WFF', '2019-05-30 11:39:15', 1, ''),
(215, 0, 'E4YWKK', '2019-05-30 11:39:15', 1, ''),
(216, 0, 'COBB55', '2019-05-30 11:39:15', 1, ''),
(217, 0, 'CJMM', '2019-05-30 11:39:15', 1, ''),
(218, 0, 'O8VGFF', '2019-05-30 11:39:15', 1, ''),
(219, 0, 'BQ0U66', '2019-05-30 11:39:15', 1, ''),
(220, 0, 'XNDU55', '2019-05-30 11:39:15', 1, ''),
(221, 0, '7N3LKK', '2019-05-30 11:39:15', 1, ''),
(222, 0, 'IOJO88', '2019-05-30 11:39:15', 1, ''),
(223, 0, '9MLH22', '2019-05-30 11:39:15', 1, ''),
(224, 0, 'EYV3QQ', '2019-05-30 11:39:15', 1, ''),
(225, 0, 'XT5V33', '2019-05-30 11:39:15', 1, ''),
(226, 0, 'M8WL77', '2019-05-30 11:39:15', 1, ''),
(227, 0, 'CQASNN', '2019-05-30 11:39:15', 1, ''),
(228, 0, 'WUUA44', '2019-05-30 11:39:15', 1, ''),
(229, 0, 'W1P0YY', '2019-05-30 11:39:15', 1, ''),
(230, 0, '080MZZ', '2019-05-30 11:39:15', 1, ''),
(231, 0, '08PB44', '2019-05-30 11:39:15', 1, ''),
(232, 0, '0NY0XX', '2019-05-30 11:39:15', 1, ''),
(233, 0, 'K73XKK', '2019-05-30 11:39:15', 1, ''),
(234, 0, 'VKXV88', '2019-05-30 11:39:15', 1, ''),
(235, 0, '3P9IBB', '2019-05-30 11:39:15', 1, ''),
(236, 0, 'R55N66', '2019-05-30 11:39:15', 1, ''),
(237, 0, '61TFDD', '2019-05-30 11:39:15', 1, ''),
(238, 0, '2NVP66', '2019-05-30 11:39:15', 1, ''),
(239, 0, '2LZIEE', '2019-05-30 11:39:15', 1, ''),
(240, 0, 'AVCF11', '2019-05-30 11:39:15', 1, ''),
(241, 0, '1TSWBB', '2019-05-30 11:39:15', 1, ''),
(242, 0, 'JTKGYY', '2019-05-30 11:39:15', 1, ''),
(243, 0, 'ODZ9GG', '2019-05-30 11:39:15', 1, ''),
(244, 0, 'CZGEJJ', '2019-05-30 11:39:15', 1, ''),
(245, 0, 'VXWE77', '2019-05-30 11:39:15', 1, ''),
(246, 0, 'X2UKLL', '2019-05-30 11:39:15', 1, ''),
(247, 0, '74B722', '2019-05-30 11:39:15', 1, ''),
(248, 0, 'N5EKVV', '2019-05-30 11:39:15', 1, ''),
(249, 0, 'AELFYY', '2019-05-30 11:39:15', 1, ''),
(250, 0, '9XPQFF', '2019-05-30 11:39:15', 1, ''),
(251, 0, 'XL51TT', '2019-05-30 11:39:15', 1, ''),
(252, 0, 'YD0988', '2019-05-30 11:39:15', 1, ''),
(253, 0, 'N1LQ22', '2019-05-30 11:39:15', 1, ''),
(254, 0, '2KDLKK', '2019-05-30 11:39:15', 1, ''),
(255, 0, 'PDAGKK', '2019-05-30 11:39:15', 1, ''),
(256, 0, '99XLKK', '2019-05-30 11:39:15', 1, ''),
(257, 0, '6AIQUU', '2019-05-30 11:39:15', 1, ''),
(258, 0, '2DG044', '2019-05-30 11:39:15', 1, ''),
(259, 0, '0UFTGG', '2019-05-30 11:39:15', 1, ''),
(260, 0, 'TD4RQQ', '2019-05-30 11:39:15', 1, ''),
(261, 0, 'JC87BB', '2019-05-30 11:39:15', 1, ''),
(262, 0, 'C1HYDD', '2019-05-30 11:39:15', 1, ''),
(263, 0, 'OWVB11', '2019-05-30 11:39:15', 1, ''),
(264, 0, '2NW6TT', '2019-05-30 11:39:15', 1, ''),
(265, 0, 'J0MOAA', '2019-05-30 11:39:15', 1, ''),
(266, 0, 'U1M8SS', '2019-05-30 11:39:15', 1, ''),
(267, 0, 'XM2MVV', '2019-05-30 11:39:15', 1, ''),
(268, 0, 'QXC311', '2019-05-30 11:39:15', 1, ''),
(269, 0, 'D5QCBB', '2019-05-30 11:39:15', 1, ''),
(270, 0, 'TCZT', '2019-05-30 11:39:15', 1, ''),
(271, 0, '6NLJ33', '2019-05-30 11:39:15', 1, ''),
(272, 0, '8FOXCC', '2019-05-30 11:39:15', 1, ''),
(273, 0, 'YPZA99', '2019-05-30 11:39:15', 1, ''),
(274, 0, 'N42X00', '2019-05-30 11:39:15', 1, ''),
(275, 0, 'BZZJ55', '2019-05-30 11:39:15', 1, ''),
(276, 0, 'A0OBB', '2019-05-30 11:39:15', 1, ''),
(277, 0, 'VFWFXX', '2019-05-30 11:39:15', 1, ''),
(278, 0, 'C81QNN', '2019-05-30 11:39:15', 1, ''),
(279, 0, 'Z9APDD', '2019-05-30 11:39:15', 1, ''),
(280, 0, 'D47NKK', '2019-05-30 11:39:15', 1, ''),
(281, 0, 'UZ7AHH', '2019-05-30 11:39:15', 1, ''),
(282, 0, 'CZ4PGG', '2019-05-30 11:39:15', 1, ''),
(283, 0, 'CC0M99', '2019-05-30 11:39:15', 1, ''),
(284, 0, 'JU5133', '2019-05-30 11:39:15', 1, ''),
(285, 0, '3RDNUU', '2019-05-30 11:39:15', 1, ''),
(286, 0, 'LNNQ22', '2019-05-30 11:39:15', 1, ''),
(287, 0, 'HM3EOO', '2019-05-30 11:39:15', 1, ''),
(288, 0, 'X693TT', '2019-05-30 11:39:15', 1, ''),
(289, 0, 'FGJMMM', '2019-05-30 11:39:15', 1, ''),
(290, 0, 'BLM2RR', '2019-05-30 11:39:15', 1, ''),
(291, 0, '5139UU', '2019-05-30 11:39:15', 1, ''),
(292, 0, 'M8SK11', '2019-05-30 11:39:15', 1, ''),
(293, 0, 'ILZP77', '2019-05-30 11:39:15', 1, ''),
(294, 0, 'XZ75UU', '2019-05-30 11:39:15', 1, ''),
(295, 0, 'EFVX99', '2019-05-30 11:39:15', 1, ''),
(296, 0, '95HEHH', '2019-05-30 11:39:15', 1, ''),
(297, 0, '1UL9RR', '2019-05-30 11:39:15', 1, ''),
(298, 0, 'HOVEYY', '2019-05-30 11:39:15', 1, ''),
(299, 0, 'REPBNN', '2019-05-30 11:39:15', 1, ''),
(300, 0, 'XY06GG', '2019-05-30 11:39:15', 1, ''),
(301, 0, '6DZ77', '2019-05-30 11:39:15', 1, ''),
(302, 0, 'LON5PP', '2019-05-30 11:39:15', 1, ''),
(303, 0, 'ANOPNN', '2019-05-30 11:39:15', 1, ''),
(304, 0, 'MDDW11', '2019-05-30 11:39:15', 1, ''),
(305, 0, 'R1BZXX', '2019-05-30 11:39:15', 1, ''),
(306, 0, '3NSDAA', '2019-05-30 11:39:15', 1, ''),
(307, 0, 'NPKFBB', '2019-05-30 11:39:15', 1, ''),
(308, 0, 'BBFMCC', '2019-05-30 11:39:15', 1, ''),
(309, 0, 'TJIVBB', '2019-05-30 11:39:15', 1, ''),
(310, 0, 'RVMWFF', '2019-05-30 11:39:15', 1, ''),
(311, 0, 'ZVYFJJ', '2019-05-30 11:39:15', 1, ''),
(312, 0, 'P3TDUU', '2019-05-30 11:39:15', 1, ''),
(313, 0, 'MTUBMM', '2019-05-30 11:39:15', 1, ''),
(314, 0, 'J7S144', '2019-05-30 11:39:15', 1, ''),
(315, 0, 'MYYCC', '2019-05-30 11:39:15', 1, ''),
(316, 0, 'LFXY88', '2019-05-30 11:39:15', 1, ''),
(317, 0, '3WNRZZ', '2019-05-30 11:39:15', 1, ''),
(318, 0, '0XC8HH', '2019-05-30 11:39:15', 1, ''),
(319, 0, '175IBB', '2019-05-30 11:39:15', 1, ''),
(320, 0, '6BZ3BB', '2019-05-30 11:39:15', 1, ''),
(321, 0, 'IQDFNN', '2019-05-30 11:39:15', 1, ''),
(322, 0, 'N4PS66', '2019-05-30 11:39:15', 1, ''),
(323, 0, 'MMAM22', '2019-05-30 11:39:15', 1, ''),
(324, 0, 'NFYFBB', '2019-05-30 11:39:15', 1, ''),
(325, 0, 'T61DD', '2019-05-30 11:39:15', 1, ''),
(326, 0, 'CHFKGG', '2019-05-30 11:39:15', 1, ''),
(327, 0, '3SJ844', '2019-05-30 11:39:15', 1, ''),
(328, 0, 'UIRT', '2019-05-30 11:39:15', 1, ''),
(329, 0, 'HWGXLL', '2019-05-30 11:39:15', 1, ''),
(330, 0, 'UN4DRR', '2019-05-30 11:39:15', 1, ''),
(331, 0, 'DT5VSS', '2019-05-30 11:39:15', 1, ''),
(332, 0, 'R7QJSS', '2019-05-30 11:39:15', 1, ''),
(333, 0, 'AFPFXX', '2019-05-30 11:39:15', 1, '');

-- --------------------------------------------------------

--
-- 資料表結構 `coupon_genre`
--

CREATE TABLE `coupon_genre` (
  `coupon_genre_id` int(11) NOT NULL,
  `coupon_name` varchar(255) NOT NULL,
  `discount_unit` int(11) NOT NULL,
  `discount_type` varchar(255) NOT NULL,
  `avaliable_start` date NOT NULL,
  `avaliable_end` date NOT NULL,
  `coupon_expire` date NOT NULL,
  `camp_id` int(11) NOT NULL,
  `order_price` int(11) NOT NULL,
  `order_night` int(11) NOT NULL,
  `order_people` int(11) NOT NULL,
  `discription` varchar(255) NOT NULL
) ENGINE=InnoDB DEFAULT CHARSET=utf8;

--
-- 資料表的匯出資料 `coupon_genre`
--

INSERT INTO `coupon_genre` (`coupon_genre_id`, `coupon_name`, `discount_unit`, `discount_type`, `avaliable_start`, `avaliable_end`, `coupon_expire`, `camp_id`, `order_price`, `order_night`, `order_people`, `discription`) VALUES
(1, '何方神聖fun一夏', 100, 'currency', '2019-05-20', '2019-05-20', '2019-05-29', 1, 0, 0, 0, '何方神聖慢活營任一訂單現折100元'),
(2, '來去菁山住一晚', 250, 'currency', '2019-05-20', '2019-05-20', '2019-12-24', 2, 0, 0, 0, '預定菁山遊憩區時使用即可獲得350元折扣'),
(3, '長青谷大自然園區折價券', 300, 'currency', '2019-05-20', '2019-05-20', '2019-12-24', 3, 0, 0, 0, '現在預定長青谷大自然園區便宜300元'),
(5, '露營小確幸', 150, 'currency', '2019-05-20', '2019-05-20', '2019-12-24', 6, 0, 0, 0, '確幸莊園150元折價券'),
(6, '福田美地美美美', 100, 'currency', '2019-05-20', '2019-05-20', '2019-12-24', 7, 0, 0, 0, '福田美地100元折價券'),
(7, '長興山水靜折價券', 50, 'currency', '2019-05-20', '2019-05-20', '2019-12-24', 11, 0, 0, 0, '長興山水靜露營區50元折價券'),
(8, '八福露營區折價券', 130, 'currency', '2019-05-20', '2019-05-20', '2019-12-24', 15, 0, 0, 0, '八福露營區130元折價券'),
(9, '雪霧鬧松野農園折價券', 199, 'currency', '2019-05-21', '2019-05-21', '2019-12-24', 16, 0, 0, 0, '雪霧鬧松野農園199元折價券'),
(10, '綠果子休憩站折價券', 50, 'currency', '2019-05-21', '2019-05-21', '2019-12-24', 12, 0, 0, 0, '綠果子休憩站50元折價券'),
(11, '野溪納涼', 500, 'currency', '2019-05-21', '2019-05-21', '2019-12-24', 8, 0, 0, 0, '八度野溪露營區500元折價券'),
(17, '何方神聖送你200元', 200, 'currency', '2019-05-21', '2019-05-21', '2019-12-24', 1, 0, 0, 0, '何方神聖慢活營任一訂單現折200元'),
(23, '楓之谷露營區折價券', 150, 'currency', '2019-05-21', '2019-05-21', '2019-12-24', 13, 0, 0, 0, '楓之谷露營區150元折價券'),
(24, '戀戀天湖折價券', 80, 'currency', '2019-05-21', '2019-05-21', '2019-12-24', 17, 0, 0, 0, '戀戀天湖80元折價券'),
(31, '文山農場的農村生活', 100, 'currency', '2019-05-21', '2019-05-21', '2019-12-24', 5, 0, 0, 0, '文山農場100元折價券'),
(34, '水樂活親子農場折價券', 120, 'currency', '2019-05-21', '2019-05-21', '2019-12-24', 14, 0, 0, 0, '水樂活親子農場120元折價券'),
(35, '梅花梯田折價券', 60, 'currency', '2019-05-21', '2019-05-21', '2019-12-24', 18, 0, 0, 0, '梅花梯田露營區60元折價券'),
(36, '遊橘露營區折價券', 120, 'currency', '2019-05-21', '2019-05-21', '2019-12-24', 19, 0, 0, 0, '遊橘露營區120元折價券'),
(37, '秘境探險', 110, 'currency', '2019-05-21', '2019-05-21', '2019-12-24', 20, 0, 0, 0, '晴園秘境110元折價券'),
(38, '梅后蔓露營區折價券', 100, 'currency', '2019-05-21', '2019-05-21', '2019-12-24', 21, 0, 0, 0, '梅后蔓露營區100元折價券'),
(39, '野薑花露營區折價券', 100, 'currency', '2019-05-21', '2019-05-21', '2019-12-24', 22, 0, 0, 0, '野薑花露營區100元折價券'),
(40, '天湖農園折價券', 200, 'currency', '2019-05-21', '2019-05-21', '2019-12-24', 23, 0, 0, 0, '天湖農園200元折價券'),
(41, '樂哈山營地折價券', 200, 'currency', '2019-05-21', '2019-05-21', '2019-12-24', 24, 0, 0, 0, '樂哈山營地200元折價券'),
(42, '晨堡露營區折價券', 150, 'currency', '2019-05-21', '2019-05-21', '2019-12-24', 25, 0, 0, 0, '晨堡露營區150元折價券'),
(43, '秘花園休閒露營區折價券', 150, 'currency', '2019-05-21', '2019-05-21', '2019-12-24', 26, 0, 0, 0, '秘花園休閒露營區150元折價券'),
(44, '空軍一號折價券', 100, 'currency', '2019-05-21', '2019-05-21', '2019-12-24', 27, 0, 0, 0, '空軍一號100元折價券'),
(45, '生活原鄉民宿露營區折價券', 130, 'currency', '2019-05-21', '2019-05-21', '2019-12-24', 28, 0, 0, 0, '生活原鄉民宿露營區130元折價券'),
(46, '歐莎露營區折價券', 220, 'currency', '2019-05-21', '2019-05-21', '2019-12-24', 29, 0, 0, 0, '歐莎露營區220元折價券'),
(47, '明園星空營地折價券', 200, 'currency', '2019-05-21', '2019-05-21', '2019-12-24', 30, 0, 0, 0, '明園星空營地200元折價券'),
(48, '南山傳奇露營區折價券', 130, 'currency', '2019-05-21', '2019-05-21', '2019-12-24', 31, 0, 0, 0, '南山傳奇露營區130元折價券'),
(49, '馬嘟溪露營基地折價券', 70, 'currency', '2019-05-21', '2019-05-21', '2019-12-24', 32, 0, 0, 0, '馬嘟溪露營基地70元折價券'),
(50, '木偶精靈休閒農莊折價券', 50, 'currency', '2019-05-21', '2019-05-21', '2019-12-24', 33, 0, 0, 0, '木偶精靈休閒農莊50元折價券'),
(51, '一畝田親子露營區折價券', 1000, 'currency', '2019-05-21', '2019-05-21', '2019-12-24', 34, 0, 0, 0, '一畝田親子露營區1000元折價券'),
(52, '食水窩露營區折價券', 450, 'currency', '2019-05-21', '2019-05-21', '2019-12-24', 35, 0, 0, 0, '食水窩露營區450元折價券'),
(53, '生活原鄉民宿露營區折價券', 300, 'currency', '2019-05-21', '2019-05-21', '2019-12-24', 36, 0, 0, 0, '生活原鄉民宿露營區300元折價券'),
(54, '雷沙達岜斯露營區折價券', 120, 'currency', '2019-05-21', '2019-05-21', '2019-12-24', 37, 0, 0, 0, '雷沙達岜斯露營區120元折價券'),
(56, '晨堡露營區折價券', 100, 'currency', '2019-05-21', '2019-05-21', '2019-12-24', 39, 0, 0, 0, '晨堡露營區100元折價券'),
(57, '樂哈山營地折價券', 100, 'currency', '2019-05-21', '2019-05-21', '2019-12-24', 40, 0, 0, 0, '樂哈山營地100元折價券'),
(58, 'KT露營區折價券', 80, 'currency', '2019-05-21', '2019-05-21', '2019-12-24', 41, 0, 0, 0, 'KT露營區80元折價券'),
(59, '馬雅竹軒露營區折價券', 130, 'currency', '2019-05-21', '2019-05-21', '2019-12-24', 42, 0, 0, 0, '馬雅竹軒露營區130元折價券'),
(60, '綠宥子甜柿果園露營區折價券', 200, 'currency', '2019-05-21', '2019-05-21', '2019-12-24', 43, 0, 0, 0, '綠宥子甜柿果園露營區200元折價券'),
(61, '綠宥子甜柿果園露營區折價券', 2000, 'currency', '2019-05-21', '2019-05-21', '2019-12-24', 44, 0, 0, 0, '楠桂坊露營區2000元折價券'),
(62, '明園星空營地折價券', 180, 'currency', '2019-05-21', '2019-05-21', '2019-12-24', 45, 0, 0, 0, '明園星空營地180元折價券'),
(63, '小尖石露營區折價券', 300, 'currency', '2019-05-21', '2019-05-21', '2019-12-24', 46, 0, 0, 0, '小尖石露營區300元折價券'),
(64, '觀雲露營區折價券', 200, 'currency', '2019-05-21', '2019-05-21', '2019-12-24', 47, 0, 0, 0, '觀雲露營區200元折價券'),
(65, '孟享露營區折價券', 200, 'currency', '2019-05-21', '2019-05-21', '2019-12-24', 48, 0, 0, 0, '孟享露營區200元折價券'),
(66, '梅花山莊折價券', 100, 'currency', '2019-05-21', '2019-05-21', '2019-12-24', 49, 0, 0, 0, '梅花山莊100元折價券'),
(67, '原鄉原味~築園露營區', 150, 'currency', '2019-05-21', '2019-05-21', '2019-09-30', 50, 0, 0, 0, '適用於築園露營區任一訂單，使用即可折150元');

-- --------------------------------------------------------

--
-- 資料表結構 `dis_type`
--

CREATE TABLE `dis_type` (
  `id` int(11) NOT NULL,
  `dis_type` varchar(255) NOT NULL
) ENGINE=InnoDB DEFAULT CHARSET=utf8;

--
-- 資料表的匯出資料 `dis_type`
--

INSERT INTO `dis_type` (`id`, `dis_type`) VALUES
(1, '打折'),
(2, '扣除金額');

-- --------------------------------------------------------

--
-- 資料表結構 `event_applylist`
--

CREATE TABLE `event_applylist` (
  `applyList_id` int(11) NOT NULL,
  `apply_id` varchar(255) NOT NULL,
  `event_id` varchar(255) NOT NULL,
  `applyList_name` varchar(255) NOT NULL,
  `applyList_idn` varchar(255) NOT NULL,
  `applyList_mobile` varchar(255) NOT NULL,
  `applyList_email` varchar(255) DEFAULT NULL,
  `applyList_emg` varchar(255) NOT NULL,
  `applyList_emgMobile` varchar(255) NOT NULL,
  `applyList_remark` text,
  `apply_order` int(11) NOT NULL COMMENT '1->取消訂單	',
  `applyList_age` int(1) NOT NULL,
  `applyList_gender` int(1) NOT NULL
) ENGINE=InnoDB DEFAULT CHARSET=utf8;

--
-- 資料表的匯出資料 `event_applylist`
--

INSERT INTO `event_applylist` (`applyList_id`, `apply_id`, `event_id`, `applyList_name`, `applyList_idn`, `applyList_mobile`, `applyList_email`, `applyList_emg`, `applyList_emgMobile`, `applyList_remark`, `apply_order`, `applyList_age`, `applyList_gender`) VALUES
(1, 'IEFHSDKL4579349', '1', '張三1', 'P111111111', '0922222222', 'chang1@mail.com', '張三娘', '0966666666', '', 0, 2, 2),
(2, 'IEFHSDKL4579349', '1', '張三2', 'P222222222', '0988888888', 'chang2@mail.com', '張三爹', '0966666666', NULL, 0, 2, 2),
(3, '2', '18', '李四1', 'P322222222', '0988888888', 'li@mail.com', '李四娘', '0966666666', NULL, 0, 2, 1),
(4, '2', '18', '李四2', 'P322222222', '0988888888', 'li@mail.com', '李四娘', '0966666666', NULL, 0, 2, 1),
(5, '2', '18', '李四3', 'P322222222', '0988888888', 'li@mail.com', '李四娘', '0966666666', NULL, 0, 3, 1),
(6, '2', '18', '李四4', 'P322222222', '0988888888', 'li@mail.com', '李四娘', '0966666666', NULL, 0, 3, 1),
(7, '3', '3', '王朝1', 'P322222222', '0988888888', 'li@mail.com', '王朝娘', '0966666666', NULL, 0, 3, 2),
(8, '3', '3', '王朝2', 'P322222222', '0988888888', 'li@mail.com', '王朝娘', '0966666666', NULL, 0, 1, 1),
(9, '3', '3', '王朝3', 'P322222222', '0988888888', 'li@mail.com', '王朝娘', '0966666666', NULL, 0, 1, 2),
(10, '3', '3', '王朝4', 'P322222222', '0988888888', 'li@mail.com', '王朝娘', '0966666666', NULL, 0, 1, 2),
(11, '4', '11', '馬漢1', 'P322222222', '0988888888', 'li@mail.com', '馬漢爹', '0966666666', '00', 0, 1, 2),
(12, '4', '11', '馬漢2', 'P322222222', '0988888888', 'li@mail.com', '馬漢爹', '0966666666', '11', 0, 1, 1),
(13, '4', '11', '馬漢3', 'P322222222', '0988888888', 'li@mail.com', '馬漢爹', '0966666666', NULL, 0, 2, 1),
(14, '4', '11', '馬漢4', 'P322222222', '0988888888', 'li@mail.com', '馬漢爹', '0966666666', NULL, 0, 2, 1),
(15, '5', '14', '張龍1', 'P322222222', '0988888888', 'li@mail.com', '張龍1爹', '0966666666', '素食', 0, 3, 1),
(16, '5', '14', '張龍2', 'P322222222', '0988888888', 'li@mail.com', '張龍2爹', '0966666666', NULL, 0, 4, 1),
(17, '5', '14', '張龍3', 'P322222222', '0988888888', 'li@mail.com', '張龍3爹', '0966666666', NULL, 0, 4, 1),
(18, '6', '1', '趙虎1', 'P322222222', '0988888888', 'li@mail.com', '趙虎1爹', '0966666666', NULL, 0, 2, 1),
(19, '6', '1', '趙虎2', 'P322222222', '0988888888', 'li@mail.com', '趙虎2爹', '0966666666', NULL, 0, 2, 2),
(20, '23', '1', '王大媽', 'G222222222', '0922222222', NULL, '老王', '0933333333', NULL, 0, 2, 2),
(21, '23', '1', '王大媽2', 'Q222222222', '0966666666', NULL, '老王2', '0911111111', NULL, 0, 4, 2),
(22, '24', '18', '李大嬸', 'G222222222', '0922222222', NULL, '老李', '0933333333', NULL, 0, 3, 2),
(23, '24', '18', '李大嬸2', 'Q222222222', '0966666666', NULL, '老李2', '0911111111', NULL, 0, 3, 2),
(24, '25', '1', 'testelephant', 'Q222222222', '0966666666', '', 'testelephant', '0911111111', 'aa', 0, 3, 2),
(25, '25', '1', 'testelephant', 'Q222222222', '0966666666', '', 'testelephant', '0911111111', '', 0, 3, 2),
(26, '26', '16', 'testdog', 'Q222222222', '0966666666', 'dog@email.com', 'testdog', '0911111111', '', 0, 3, 1),
(27, '26', '16', 'testdog', 'Q222222222', '0966666666', 'testdog@email.com', 'testdog\'s Mom', '0911111111', '', 0, 2, 2),
(28, '26', '16', 'testdog', 'Q222222222', '0966666666', NULL, 'testdog', '0911111111', NULL, 0, 2, 1),
(29, '26', '16', 'testdog', 'Q222222222', '0966666666', NULL, 'testdog', '0911111111', NULL, 0, 3, 1),
(30, '27', '11', 'testdog', 'Q222222222', '0966666666', NULL, 'testdog', '0911111111', NULL, 0, 3, 2),
(31, '27', '11', 'testdog', 'Q222222222', '0966666666', NULL, 'testdog', '0911111111', NULL, 0, 4, 2),
(35, '30', '16', 'testmonkey', 'A1111111111', '0933555555', 'testmonkey@mail.com', 'testmonkey\'s Mom', '0988888888', '', 0, 4, 1),
(36, '30', '16', 'testmonkey2', 'A1111111111', '0933333333', 'testmonkey2@mail.com', 'testmonkey\'s Mom2', '0988888888', '', 0, 5, 1),
(48, '36', '19', 'testmonkey', 'A1111111111', '0933333333', 'testmonkey@mail.com', 'testdog\'s Mom', '0988888888', '', 0, 5, 1),
(49, '36', '19', 'testmonkey', 'A1111111111', '0933333333', 'testmonkey@mail.com', 'testdog\'s Mom', '0988888888', '', 0, 1, 2),
(54, '37', '19', 'testsheep', 'A1111111111', '0933333333', 'testsheep@mail.com', 'testdog\'s Mom', '0988888888', '', 0, 1, 1),
(55, '37', '19', 'testsheep', 'A1111111111', '0933333333', 'testsheep@mail.com', 'testdog\'s Mom', '0988888888', '', 0, 3, 2),
(58, '38', '20', 'testmonkey', 'A1111111111', '0922222222', 'testmonkey@mail.com', 'testsheep2\'s Dad', '0988888888', '', 0, 2, 1),
(59, '38', '20', 'testmonkey', 'A1111111111', '0922222222', 'testmonkey@mail.com', 'testsheep2\'s Dad', '0988888888', '', 0, 2, 2),
(60, '38', '20', 'testmonkey', 'A1111111111', '0922222222', 'testmonkey@mail.com', 'testsheep2\'s Dad', '0988888888', '', 0, 2, 1),
(61, '38', '20', 'testmonkey', 'A1111111111', '0922222222', 'testmonkey@mail.com', 'testsheep2\'s Dad', '0988888888', '', 0, 2, 2),
(62, '38', '20', 'testmonkey', 'A1111111111', '0922222222', 'testmonkey@mail.com', 'testsheep2\'s Dad', '0988888888', '', 0, 2, 2),
(63, '39', '20', 'testdog2', 'A1111111111', '0922222222', 'testdog2@mail.com', 'testdog\'s Mom', '0963654789', '', 0, 1, 2),
(64, '39', '20', 'testdog2', 'A1111111111', '0922222222', 'testdog2@mail.com', 'testdog\'s Mom', '0963654789', '', 0, 3, 2),
(65, '40', '24', ' Woody', 'A1111111111', '0933333333', 'woody@mail.com', ' Bo Peep', '0988888888', '', 0, 2, 2),
(66, '40', '24', 'Buzz Lightyear', 'A1111111111', '0933333333', 'buzz@mail.com', 'Jessie', '0988888888', '', 0, 2, 1),
(67, '41', '24', 'Mike Wazowski', 'A1111111111', '0933555555', 'Mike Wazowski@mail.com', ' Boo', '0988888888', '', 0, 3, 1),
(68, '41', '24', 'James P. Sullivan', 'A1111111111', '0933555555', 'James P. Sullivan@mail.com', ' Boo', '0988888888', '', 0, 4, 2),
(69, '41', '24', 'Randall Boggs', 'A1111111111', '0933555555', 'Randall Boggs@mail.com', 'Celia Mae', '0988888888', '', 0, 4, 1),
(70, '41', '24', 'Henry J. Waternoose III', 'A1111111111', '0933555555', 'Henry J. Waternoose III@mail.com', 'Celia Mae', '0988888888', '', 0, 2, 2),
(71, '41', '24', 'Roz', 'A1111111111', '0933555555', 'testsheep@mail.com', 'Dory', '0988888888', '', 0, 2, 1),
(72, '41', '24', 'testmonkey', 'A1111111111', '0933555555', 'testsheep@mail.com', 'Dory', '0988888888', '', 0, 3, 1),
(79, '42', '22', 'testmonkey2', 'A1111111111', '0933555555', 'testmonkey@mail.com', 'testsheep2\'s Dad', '0988888888', '', 0, 3, 2),
(80, '42', '22', 'testmonkey2', 'A1111111111', '0933555555', 'testmonkey@mail.com', 'testsheep2\'s Dad', '0988888888', '', 0, 2, 2),
(81, '42', '22', 'testmonkey2', 'A1111111111', '0933555555', 'testmonkey@mail.com', 'testsheep2\'s Dad', '0988888888', '', 0, 2, 2),
(87, 'E6865D45188F                                ', '23', 'elsa11', 'elsa11', '0988888888', 'elsa11@mail.com', 'anna55', '0966666666', '', 0, 1, 1),
(88, 'E6865D45188F                                ', '23', 'elsa22', 'elsa33', '0977666555', 'elsa33@mail.com', 'anna55', '0966666666', '', 0, 1, 2),
(89, 'E6865D45188F                                ', '23', 'elsa33', 'elsa33', '0977666555', 'elsa33@mail.com', 'anna55', '0966666666', '', 0, 2, 2),
(90, 'BDEC26A0CFB4                                ', '24', 'anna', 'anna33', '0988888888', 'anna@mail.com', 'Andy', '0966666666', '', 0, 3, 2),
(91, '09B5B0E50FA3                                ', '24', 'buzz', 'buzz22', '0955444333', 'buzz@mail.com', 'Andy', '0900000000', '', 0, 2, 2),
(92, '09B5B0E50FA3                                ', '24', 'Jessie', 'Jessie33', '0977666555', 'Jessie@mail.com', 'Andy', '0900000000', '', 0, 2, 1),
(93, 'F36EB5E33F09                                ', '24', 'buzz', 'buzz22', '0955444333', 'buzz@mail.com', 'Andy', '0900000000', '', 0, 2, 1),
(96, 'a0f9674c-dc00f865', '16', '王聰明', 'A111111111', '0999999999', 'WANG@mail.com', '王大娘', '0966666666', '', 0, 0, 0),
(97, '2e46eb58-591ea1bd', '16', '王聰明', 'A111111111', '0988777888', 'WANG@mail.com', '王大娘', '0966666666', '', 0, 0, 0),
(98, '8faaae02-c064f8fe', '16', '王聰明', 'A111111111', '0999999999', 'WANG@mail.com', '王大娘', '0988888888', '', 0, 0, 0),
(99, '8faaae02-c064f8fe', '16', '王聰明', 'A222222222', '0999999999', '', '王大娘', '0988888888', '', 0, 0, 0),
(100, '9d1d6eb0-1e4e9779', '14', '皮卡丘', 'T184523576', '0978-456-123', '', '小智', '0911-457-568', '', 0, 0, 0),
(101, '9d1d6eb0-1e4e9779', '14', '卡比獸', 'H165494562', '0955-564-238', '', '小智', '0911-457-568', '', 0, 0, 0),
(102, '9d1d6eb0-1e4e9779', '14', '傑尼龜', 'O114795324', '0978-586-217', '', '小智', '0911-457-568', '', 0, 0, 0),
(103, 'ccd9f506-64d0aa4c', '24', '王聰明', 'A111111111', '0977777777', 'WANG@mail.com', '王大娘', '0988888888', '', 0, 0, 0),
(104, 'EFCD28891423                                ', '1', '江戶川柯南', 'A111111111', '0999999999', 'wally@mail.com', '毛利小五郎', '0966666666', '', 0, 2, 1),
(105, 'EFCD28891423                                ', '1', '灰原哀', 'E222222222', '0955555555', 'wally@mail.com', '毛利小五郎', '0966666666', '', 0, 3, 2),
(106, 'EFCD28891423                                ', '1', '步美', 'Q223444432', '0933333333', 'wally@mail.com', '毛利小五郎', '0966666666', '', 0, 3, 2),
(107, 'EFCD28891423                                ', '1', '小嶋元太', 'A123443356', '0977666555', 'wally@mail.com', '毛利小五郎', '0966666666', '', 0, 2, 1),
(108, 'EFCD28891423                                ', '1', '光彥', 'W111111111', '0966444333', 'woody@mail.com', '毛利小五郎', '0966666666', '', 0, 4, 1),
(109, 'EFCD28891423                                ', '1', '阿笠博士', 'A112112234', '0966555777', 'woody@mail.com', '毛利小五郎', '0966666666', '', 0, 5, 1),
(110, '2ECA9070455F                                ', '1', '樂樂', 'Y224334456', '0966655443', 'wally@mail.com', '萊莉', '0977777777', '', 0, 4, 2),
(111, '2ECA9070455F                                ', '1', '憂憂', 'L225556678', '0955666777', 'wally@mail.com', '萊莉', '0977777777', '', 0, 4, 2),
(112, '2ECA9070455F                                ', '1', '怒怒', 'U111111111', '0988555444', 'wally@mail.com', '萊莉', '0977777777', '', 0, 3, 1),
(113, '2ECA9070455F                                ', '1', '厭厭', 'D111111111', '0966777888', 'wally@mail.com', '萊莉', '0977777777', '', 0, 3, 1),
(114, '2ECA9070455F                                ', '1', '驚驚', 'W113445567', '0955666777', 'wally@mail.com', '萊莉', '0977777777', '', 0, 2, 1),
(115, '2ECA9070455F                                ', '1', '艾米·波勒', 'C222222222', '0966666666', 'woody@mail.com', '萊莉', '0977777777', '', 0, 3, 2),
(116, '2ECA9070455F                                ', '1', '菲利斯·史密斯', 'Y111223345', '0966666665', 'wally@mail.com', '萊莉', '0977777777', '', 0, 3, 1),
(117, '2ECA9070455F                                ', '1', '理察·坎德', 'Y114778899', '0966666667', '', '萊莉', '0977777777', '', 0, 4, 1),
(118, '2ECA9070455F                                ', '1', '路易斯·布萊克', 'R115667789', '0966666668', '', '萊莉', '0977777777', '', 0, 3, 1),
(119, '2ECA9070455F                                ', '1', '明蒂·卡林', 'H225445567', '0966666669', '', '萊莉', '0977777777', '', 0, 2, 2),
(120, 'F4AA018C9069                                ', '1', '小熊維尼', 'R112334456', '0966444333', 'wally@mail.com', '袋鼠媽媽', '0988666555', '', 0, 2, 1),
(121, 'F4AA018C9069                                ', '1', '小豬', 'Y111445567', '0945555555', 'wally@mail.com', '袋鼠媽媽', '0988666555', '', 0, 3, 1),
(122, 'F4AA018C9069                                ', '1', '跳跳虎', 'T113446678', '0933333333', 'woody@mail.com', '袋鼠媽媽', '0988666555', '', 0, 2, 1),
(123, 'F4AA018C9069                                ', '1', '屹耳', 'Y113448898', '0954345678', 'woody@mail.com', '袋鼠媽媽', '0988666555', '', 0, 4, 1),
(124, 'F4AA018C9069                                ', '1', '瑞比', 'O223444465', '0923444555', 'wally@mail.com', '袋鼠媽媽', '0988666555', '', 0, 2, 2),
(125, '820991E291B8                                ', '1', '小荳', 'S223445589', '0965444666', 'wally@mail.com', '克里斯多福．羅賓', '0965444666', '', 0, 3, 2),
(126, '820991E291B8                                ', '1', '貓頭鷹', 'H118777786', '0965444666', 'elsa11@mail.com', '克里斯多福．羅賓', '0965444666', '', 0, 5, 1),
(127, '820991E291B8                                ', '1', '嘟嘟', 'T116009987', '0965444666', 'elsa11@mail.com', '克里斯多福．羅賓', '0965444666', '', 0, 3, 2),
(128, '820991E291B8                                ', '1', '谷弗', 'H116550098', '0965444666', 'wally@mail.com', '克里斯多福．羅賓', '0965444666', '', 0, 3, 1),
(129, '820991E291B8                                ', '1', '黛比．羅賓', 'U224448876', '0965444666', 'maqueen@mail.com', '克里斯多福．羅賓', '0965444666', '', 0, 3, 2),
(130, '820991E291B8                                ', '1', '捕快', 'Y112445587', '0965444666', 'maqueen@mail.com', '克里斯多福．羅賓', '0965444666', '', 0, 3, 1),
(131, '892518CBDC8D                                ', '3', '胡迪警長', 'K114556676', '0977555777', 'woody@mail.com', '安弟‧大衛斯', '0933666777', '', 0, 4, 1),
(132, '892518CBDC8D                                ', '3', '巴斯光年', 'Y113445565', '0977555777', 'woody@mail.com', '安弟‧大衛斯', '0933666777', '', 0, 4, 1),
(133, '892518CBDC8D                                ', '3', '蛋頭先生', 'T114556689', '0977555777', 'woody@mail.com', '安弟‧大衛斯', '0933666777', '', 0, 6, 1),
(134, '892518CBDC8D                                ', '3', '彈簧狗', 'O111666543', '0977555777', 'woody@mail.com', '安弟‧大衛斯', '0933666777', '', 0, 4, 1),
(135, '892518CBDC8D                                ', '3', '抱抱龍', 'E114333378', '0977555777', 'woody@mail.com', '安弟‧大衛斯', '0933666777', '', 0, 3, 1),
(136, '892518CBDC8D                                ', '3', '火腿', 'y116778898', '0977555777', 'woody@mail.com', '安弟‧大衛斯', '0933666777', '', 0, 3, 1),
(137, '37AC355053FB                                ', '3', '礦工彼得', 'A111111111', '0966666666', 'woody@mail.com', '邦妮·安德森', '0955555555', '', 0, 5, 1),
(138, '37AC355053FB                                ', '3', '蛋頭太太', 'U2245556678', '0966666666', 'elsa11@mail.com', '邦妮·安德森', '0955555555', '', 0, 4, 2),
(139, '37AC355053FB                                ', '3', '將軍', 'A111111111', '0966666666', 'mickey@mail.com', '邦妮·安德森', '0955555555', '', 0, 3, 1),
(140, '37AC355053FB                                ', '3', '芭比', 'E224555533', '0966666666', 'maqueen@mail.com', '邦妮·安德森', '0955555555', '', 0, 2, 2),
(141, '37AC355053FB                                ', '3', '傑瑞', 'A111111111', '0966666666', 'wally@mail.com', '邦妮·安德森', '0955555555', '', 0, 3, 1),
(142, '37AC355053FB                                ', '3', '札克', 'A111111111', '0966666666', 'wally@mail.com', '邦妮·安德森', '0955555555', '', 0, 5, 1),
(143, '37AC355053FB                                ', '3', '翠絲', 'E223333333', '0966666666', 'wally@mail.com', '邦妮·安德森', '0955555555', '', 0, 2, 2),
(144, '37AC355053FB                                ', '3', '熊抱哥', 'A111111111', '0966666666', 'wally@mail.com', '邦妮·安德森', '0955555555', '', 0, 3, 1),
(145, '37AC355053FB                                ', '3', '肯尼', 'A111111111', '0966666666', 'wally@mail.com', '邦妮·安德森', '0955555555', '', 0, 3, 1),
(146, '37AC355053FB                                ', '3', '桃莉', 'E222222222', '0966666666', 'wally@mail.com', '邦妮·安德森', '0955555555', '', 0, 2, 2),
(148, 'b3a46d67-b61b6d1f', '24', '黃曉明', '123456789', '0912-345-678', 'aaa@gmail.com', '楊穎', '0912-345-678', '吃素', 0, 0, 0),
(149, 'cf0d9aaa-c620afd4', '20', '跳跳虎', 'A111111111', '0988888888', 'WANG@mail.com', '維尼', '0977666777', '', 0, 0, 0),
(150, 'a8d6cff8-ef5ce785', '23', '跳跳虎本人', 'A111111111', '0999999999', 'WANG@mail.com', '袋鼠媽媽', '0955555555', '', 0, 0, 0),
(151, 'a8d6cff8-ef5ce785', '23', '好朋友維尼', 'A122222222', '0977777777', 'winne@mail.com', '袋鼠媽媽', '0955555555', '', 0, 0, 0),
(152, 'a8d6cff8-ef5ce785', '23', '克里斯多福羅賓', 'S124556674', '0933333333', 'robin@mail.com', '袋鼠媽媽', '0955555555', '', 0, 0, 0),
(153, '519fda98-57c01b51', '17', '跳跳虎本人', 'A111111111', '0988888888', 'WANG@mail.com', '虎媽', '0966666666', '', 0, 0, 0),
(154, 'bb9811e0-3743f0f8', '15', '跳跳虎本人', 'A111111111', '0977777777', 'WANG@mail.com', '虎媽', '0966666666', '', 0, 0, 0),
(155, 'b44fa062-52aec28b', '15', 'aaa', 'A111111111', '0988888888', '', 'bb', '0966666666', '', 0, 0, 0),
(156, 'b44fa062-52aec28b', '15', 'ccc', 'A222222222', '0988555444', '', 'nnn', '0966333222', '', 0, 0, 0),
(157, 'e990ce83-bdec1251', '20', 'woody', 'A111111111', '0977777777', 'WANG@mail.com', 'Andy', '0988888888', '', 0, 0, 0),
(158, 'e990ce83-bdec1251', '20', 'Buzz', 'A222222222', '0966666666', 'WANG@mail.com', 'Andy', '0988888888', '', 0, 0, 0),
(159, '94212720-ec7118b6', '17', '跳跳虎', 'A111111111', '0999999999', '', '羅賓', '0988888888', '', 0, 0, 0),
(160, '94212720-ec7118b6', '17', '王聰明', 'A222222222', '0966666666', '', '羅賓', '0988888888', '', 0, 0, 0),
(161, '6c932887-34a00e34', '15', '跳跳虎', 'A111111111', '0977777777', '', '維尼', '0988888888', '', 0, 0, 0);

-- --------------------------------------------------------

--
-- 資料表結構 `event_applyorder`
--

CREATE TABLE `event_applyorder` (
  `apply_id` varchar(255) NOT NULL,
  `event_id` varchar(255) NOT NULL,
  `mem_account` varchar(255) NOT NULL,
  `apply_num` varchar(2) NOT NULL,
  `apply_date` date NOT NULL,
  `apply_pay` int(11) DEFAULT NULL,
  `apply_order` int(11) DEFAULT NULL COMMENT '1->取消訂單	',
  `apply_amount` varchar(255) NOT NULL,
  `apply_payment` int(2) NOT NULL COMMENT '0->信用卡；1->ATM；3->ibon	'
) ENGINE=InnoDB DEFAULT CHARSET=utf8;

--
-- 資料表的匯出資料 `event_applyorder`
--

INSERT INTO `event_applyorder` (`apply_id`, `event_id`, `mem_account`, `apply_num`, `apply_date`, `apply_pay`, `apply_order`, `apply_amount`, `apply_payment`) VALUES
('03d2479c-d500ab4a', '24', 'elsa', '1', '2019-05-29', NULL, NULL, '3000', 0),
('2', '18', 'testcat', '4', '2019-03-30', 0, 0, '', 0),
('23', '1', 'testtiger', '2', '2019-03-18', NULL, NULL, '6000', 0),
('24', '18', 'testelephant', '2', '2019-03-18', NULL, NULL, '6000', 0),
('25', '1', 'testelephant', '2', '2019-03-18', 0, 1, '6000', 0),
('26', '16', 'testdog', '4', '2019-03-19', 1, 0, '10000', 0),
('27', '11', 'testdog', '2', '2019-03-19', NULL, NULL, '6000', 0),
('2e46eb58-591ea1bd', '16', 'elsa', '1', '2019-05-27', NULL, NULL, '3500', 0),
('2ECA9070455F                                ', '1', 'mickey', '10', '2019-05-28', NULL, NULL, '30000', 0),
('3', '3', 'testrabbit', '4', '2019-03-23', 0, 1, '', 0),
('30', '16', 'testmonkey', '2', '2019-03-19', NULL, NULL, '6000', 0),
('36', '19', 'testmonkey', '2', '2019-03-20', NULL, NULL, '6000', 0),
('37', '19', 'testsheep', '2', '2019-03-20', NULL, NULL, '6000', 0),
('37AC355053FB                                ', '3', 'simba', '10', '2019-05-28', NULL, NULL, '40000', 0),
('38', '20', 'mem22', '5', '2019-03-20', NULL, NULL, '11000', 0),
('39', '20', 'mem55', '2', '2019-03-20', NULL, NULL, '4400', 0),
('4', '11', 'testbear', '4', '2019-03-30', 0, 0, '16000', 0),
('40', '24', 'Bonnie', '2', '2019-03-21', NULL, NULL, '4400', 0),
('41', '24', 'marin', '6', '2019-03-21', NULL, NULL, '13200', 0),
('42', '22', 'pikachu', '3', '2019-03-21', 0, 0, '0', 0),
('5', '14', 'testpig', '3', '2019-04-30', 1, 0, '75000', 0),
('519fda98-57c01b51', '17', 'dory', '1', '2019-05-30', NULL, NULL, '2200', 0),
('6', '1', 'testtiger', '2', '2019-04-30', NULL, NULL, '6000', 0),
('6c932887-34a00e34', '15', 'tigger', '1', '2019-06-03', NULL, NULL, '4000', 0),
('820991E291B8                                ', '1', 'pluto', '6', '2019-05-28', NULL, NULL, '18000', 0),
('892518CBDC8D                                ', '3', 'Rafiki', '6', '2019-05-28', NULL, NULL, '24000', 0),
('8faaae02-c064f8fe', '16', 'elsa', '2', '2019-05-27', NULL, NULL, '7000', 0),
('94212720-ec7118b6', '17', 'anna', '2', '2019-06-03', NULL, NULL, '4400', 0),
('9d1d6eb0-1e4e9779', '14', 'elsa', '3', '2019-05-27', NULL, NULL, '7500', 0),
('a0f9674c-dc00f865', '16', 'elsa', '1', '2019-05-27', NULL, NULL, '3500', 0),
('a8d6cff8-ef5ce785', '23', 'tracy', '3', '2019-05-29', NULL, NULL, '10500', 0),
('b3a46d67-b61b6d1f', '24', 'elsa', '1', '2019-05-29', NULL, NULL, '3000', 0),
('b44fa062-52aec28b', '15', 'olaf', '2', '2019-05-30', NULL, NULL, '8000', 0),
('bb9811e0-3743f0f8', '15', 'woody', '1', '2019-05-30', NULL, NULL, '4000', 0),
('ccd9f506-64d0aa4c', '24', 'olaf', '1', '2019-05-28', NULL, NULL, '3000', 0),
('cf0d9aaa-c620afd4', '20', 'anna', '1', '2019-05-29', NULL, NULL, '5500', 0),
('e990ce83-bdec1251', '20', 'nemo', '2', '2019-06-03', NULL, NULL, '11000', 0),
('EFCD28891423                                ', '1', 'piglet', '6', '2019-05-28', NULL, NULL, '18000', 0),
('F4AA018C9069                                ', '1', 'winnie', '5', '2019-05-28', NULL, NULL, '15000', 0),
('IEFHSDKL4579349', '1', 'tigger', '2', '2019-05-23', 1, 1, '6000', 0);

-- --------------------------------------------------------

--
-- 資料表結構 `event_feedback`
--

CREATE TABLE `event_feedback` (
  `eventFB_id` int(11) NOT NULL,
  `event_id` varchar(255) NOT NULL,
  `member_id` varchar(255) NOT NULL,
  `eventFB_title` varchar(100) NOT NULL,
  `eventFB_comment` varchar(500) NOT NULL
) ENGINE=InnoDB DEFAULT CHARSET=utf8;

--
-- 資料表的匯出資料 `event_feedback`
--

INSERT INTO `event_feedback` (`eventFB_id`, `event_id`, `member_id`, `eventFB_title`, `eventFB_comment`) VALUES
(1, '1', 'eeyore', 'eventFB_comment', '十分滿意此次露營體驗，趣吧與當地的每位團隊成員皆十分熱情與用心顧及每位旅客的感受，也竭力提供我們這種帶小孩的家庭各方面的協助~孩子也非常喜歡喔!期待下次有機會可以再參與您們的活動 =)\r\n真的是五星級的營區，衛浴乾濕分離還有提供吹風機！服務中心真的還滿高級的，職人體驗很感動，加強了我愛土地的心~ 最喜歡的還是從來沒住過這麼好的帳篷，還有管家細心安排的晚宴，吃好住好真的很感動，晚上10點後要降低音量，但我們在帳棚裡玩桌遊，好像其他旅客還是睡得很好。不用帶裝備真的是超棒的體驗，真心推薦一定要試住一次豪華帳棚！'),
(2, '3', 'chip', '我們與工程師的距離：網站行銷必懂的小技術', '這個行程真的是給我們這種新手參加的！ 教練幫我們把一切都打點好，原本還很擔心會不會很克難，結果是我多慮了 在海上看日出真的是人生的第一次，真的很美 但是會暈船的朋友一定要吃暈船藥！不然會跟我朋友樣中途狂吐... 還好有教練協處我們安全的返航 對一群沒露營跟獨木舟經驗的女生來說，這真的是不錯的行程~'),
(3, '22', 'baymax', '激推！', '想一去再去的營地，算到寫文的此時此刻已去過3次，10月的包場團露我們又要來第4次啦！\r\n\r\n營地雖然沒有大山大水，營位也不是說非常大，但是從一進場到隔天收帳離開，幾乎沒什麼機會坐在自己的椅子上，因為營主安排的活動豐富又有趣，完完全全可以感受到營主夫妻對營地及客人們的用心，尤其推薦一定付費參加馬告烤肉活動，太好吃了！！');

-- --------------------------------------------------------

--
-- 資料表結構 `event_list`
--

CREATE TABLE `event_list` (
  `event_id` int(11) NOT NULL,
  `event_name` varchar(255) NOT NULL,
  `event_intro` varchar(500) NOT NULL,
  `event_intro2` varchar(500) NOT NULL,
  `event_intro3` varchar(500) NOT NULL,
  `event_applyStart` date NOT NULL,
  `event_applyEnd` date NOT NULL,
  `event_dateStart` date NOT NULL,
  `event_dateEnd` date NOT NULL,
  `event_price` int(11) NOT NULL,
  `camp_id` varchar(255) NOT NULL,
  `event_upLimit` int(11) NOT NULL,
  `event_numMin` int(11) NOT NULL,
  `event_shelf` int(11) NOT NULL COMMENT '0->上架；1->下架；2->活動結束；3->頁面預告;4->活動取消(未達開團人數)；5->活動取消(不可抗力)',
  `event_remark` varchar(255) NOT NULL,
  `event_img` varchar(255) NOT NULL,
  `event_campCost` int(11) NOT NULL,
  `event_foodCost` int(11) NOT NULL,
  `event_outsourcingCost` int(11) NOT NULL,
  `event_insCost` int(11) NOT NULL,
  `event_itemName` varchar(255) NOT NULL,
  `event_itemCost` int(11) NOT NULL
) ENGINE=InnoDB DEFAULT CHARSET=utf8;

--
-- 資料表的匯出資料 `event_list`
--

INSERT INTO `event_list` (`event_id`, `event_name`, `event_intro`, `event_intro2`, `event_intro3`, `event_applyStart`, `event_applyEnd`, `event_dateStart`, `event_dateEnd`, `event_price`, `camp_id`, `event_upLimit`, `event_numMin`, `event_shelf`, `event_remark`, `event_img`, `event_campCost`, `event_foodCost`, `event_outsourcingCost`, `event_insCost`, `event_itemName`, `event_itemCost`) VALUES
(1, '追逐星空的旅程－百萬星空夢幻露營地', '  苗栗免裝備新手星空露營就是想打造完美初露體驗，輕便簡從就能在大自然中徜徉，用自然田野的綠意盎然，療癒都會生活的壓力。苗栗免裝備露營區免除設帳搭幕的塵勞，入營後即可開始享受雲影千變的黃昏美景。苗栗免裝備露營區緩坡層疊的地形，一層一區擁有不同風景，苗栗免裝備露營區帳與帳之間不會太接近，給您最舒適的獨處空間，營地的草種得像地毯一樣厚，入住苗栗免裝備露營區的客人最好別穿鞋，赤腳走在草地上，與大自然做最親密直接的互動。有璀璨銀河的營區，是感受耶誕氣氛的最好去處！尤其是無光害的營區，星光佈滿大片黑布，燦爛星空想看', '      有多久沒有親自料理了呢?在苗栗免裝備露營區挽起袖子動手野炊吧，一人負責一道，成為這次野外新手露營生活最難忘的回憶，夜晚時分同坐在苗栗免裝備露營區天幕下聊天談心，視角剛好向著「三台疊翠」的墨硯山、八角棟山和加里山山脈，此時起伏的山巒是深深淺淺不同層次的黑色，白天的後龍溪也變成黑色帶，其間最閃亮的是橫亙的72快速道路，點點散佈的是村落人家燈火，有別於都市夜景的眩目，農鄉夜裡的平原，成了苗栗最不平凡的獨家夜景。\r\n\r\n第二天早晨，鬧鐘是鳥鳴啁啾聲，東南向的谷地，太陽很早就來報到，把苗栗免裝備露營區帳', '      ●免裝備！免搭帳！打造完美的初露體驗 (詳細請見下方「更多」說明)\r\n●苗栗獨家私藏星空夜景，情侶、閨蜜好友隱藏版朝聖露營地\r\n●提供熱門露營帳款：春帳、神殿帳，可睡2~4人(可參考照片說明)\r\n●網站售價為入住春帳，神殿帳需加價請見下方「費用說明」\r\n●距離苗栗車站只要15分鐘，不用搬桌帶椅扛鍋爐，自備食材享受戶外野炊樂', '2019-03-24', '2019-04-21', '2019-05-18', '2019-05-19', 3000, '1', 40, 20, 2, '   ', 'aurora.jpg', 21000, 8000, 20000, 4000, '這裡可以紀錄其他支出的細項', 0),
(3, '獨木舟野營樂｜清水斷崖日出＋海邊露營', '想體驗在花蓮無垠星空下露營+海上看日出的獨木舟體驗嗎？免備帳篷睡袋及食材器具，專業教練群一手包辦，隔日清晨破曉時分，乘著獨木舟划向太平洋，欣賞從海平面上冉冉升起的日出，接著在碧海藍天下，跟著專業教練划著獨木舟前往清水斷崖，用不一樣的海上角度，欣賞花蓮獨特地景的難得景致。花蓮海邊露營+清水斷崖獨木舟體驗+海上追日出，讓您一次活動三大滿足！\r\n', '\r\n清水斷崖位於清水山東側，綿延 21 公里，其中清水山東南大斷崖尤其險峻，絕壁臨海面長達 5 公里，非常壯觀，這是行經蘇花公路的必看景點，也是台灣十景之一。此趟一泊二食的露營行程，您將在最自然的場地中露營，在無光害的環境下享受星空與月光，享受晚餐。', '●花蓮海邊純天然環境下露營，無光害觀星賞月\r\n●獨木舟划向太平洋的藍色啤酒海，熱血追日出\r\n●換個角度，海上欣賞清水斷崖絕美地景', '2019-04-01', '2019-04-30', '2019-05-25', '2019-05-26', 4000, '4', 30, 15, 2, '  ', 'familycamping.jpg', 15000, 2000, 20000, 2000, '獨木舟租借', 5000),
(6, '女孩的露營派對：專屬女生的Outdoor Party', '是時候擺脫裝備至上、又貴又重的汽車露營（Auto Camping）了，跟著一群名為「蘑菇女孩」的女子露營團隊，帶上實用兼具個人特色的裝備，從搭帳棚到料理、遊戲等，自己一手包辦這場令人興奮的露營吧！', '  ', '  ', '2019-08-30', '2019-09-29', '2019-10-05', '2019-10-06', 4000, '3', 30, 20, 3, ' ● 約 8月下旬開放報名，敬請期待', 'girlspower.jpg', 0, 0, 0, 0, '', 0),
(11, '─ 熱情探險咖 ●跟著教練登頂吧 ─', '擁有滿腔熱血的你，不該只是待在舒適的營區而已，快揹著你的行囊、撐起手中的拐杖、一步步地征服高山百岳吧！在合歡山小溪營地中，不只可體驗野營的樂趣，更能獲得登百岳的殊榮，同時，享受無與倫比的絕美景致！ ', '  登山還要自己準備露營裝備，想到這你是不是已經打退堂鼓了呢？別擔心！貼心的「眺躍鳥」只要你準備個人睡袋，其他都已經幫你打點妥當了呢！', '  位於合歡山北峰下約 1 公里處的小溪營地，有冷杉林圍繞、鄰近潺潺溪流，白天可坐臥草皮，眺望雄偉中央山脈群峰，夜晚可躺下仰望如細沙般的星空，從登山口至小溪營地，小小的健行路程僅需 3 公里，跟著教練的腳步調整節奏，保證你也能輕鬆抵達。', '2019-05-05', '2019-06-05', '2019-07-01', '2019-07-02', 4000, '5', 30, 20, 0, ' ', 'advanture.jpg', 0, 0, 0, 0, '', 0),
(14, '─ 感性浪漫咖專屬 ●星空電影院─', '小小的微型投影機，就算沒有屏幕也能打在帳篷上，在星空下沒有戲院的包袱，不需要輕聲細語、不會禁止攜帶外食，你可以開懷地大笑、也能感動地大哭，只要緊靠著身旁的家人朋友，就能感受最浪漫的星空電影...', ' 如果說夜晚的滿天星空是露營最該享受的浪漫體驗，那你更應該早起看日出，體會那冉冉升起的旭日，延續前晚大自然現象所帶來的美好感動！', '在炎熱夏天裡，最適合傍晚的戶外活動就是乎露天電影院。無論是坐在泳池或海灘的小船上或市區頂樓，露天電影院正以各種豐富的形式呈現。大都市裡，總有一種程式化的定律約束著我們的想像力。大概有些人的思維認知中，「我應該怎樣過」要比「我想要過怎樣的生活」更緊要吧。如果飛快的步伐是一種束縛，那麼請把簡小姐丟到小鎮上去。因為我任性，我就想把時間浪費在美好的事物上，我就想趁著天未寒，去看一場露天的電影。', '2019-05-06', '2019-06-05', '2019-06-30', '2019-07-01', 2500, '6', 50, 20, 0, '     ', 'opencinema.jpg', 0, 0, 0, 0, '', 0),
(15, '─ 秘境獨木舟／沙灘野營 ─', '想從不一樣的角度一探海岸線上的絕美景色嗎？趣露營特別規劃五條獨木舟體驗路線，提供完整安全的獨木舟教練與獨木舟設備，搭配最低四人成行的獨木舟體驗成團門檻，讓你輕鬆無負擔預定台灣必玩X夏季限定-獨木舟體驗。', '－ 行程簡介｜花蓮獨木舟體驗 －\r\n\r\n▲花蓮清水斷崖獨木舟體驗\r\n\r\n花蓮海岸壯麗的清水斷崖是行經蘇花公路必看的美景，除了在陸上俯瞰清水斷崖，現在還可以跟著專業獨木舟教練，划向蔚藍太平洋，用不一樣的角度仰望這獨特的清水斷崖絕景，更棒的是在這天剛破曉時分，在海面上等待太陽冒出頭的那一刻，熱血不再是青春的代名詞，來一趟讓你印象深刻的花蓮太平洋追日出的獨木舟旅程吧！\r\n\r\n \r\n\r\n▲花蓮牛山呼庭獨木舟體驗\r\n\r\n台灣東海岸最熱血海上新玩法－花蓮牛山呼庭秘境獨木舟，花蓮海岸線上曾為國際知名電影取景的絕美沙灘秘境－牛山呼庭，這樣的海天一色令人嚮往，而現在不只可以在牛山呼庭岸上喝杯海景咖啡欣賞牛山呼庭的美，花蓮牛山呼庭秘境獨木舟體驗讓我們可以從海上用不一樣的角度更加親近欣賞這塊牛山呼庭秘境。\r\n\r\n \r\n\r\n▲花蓮日出獨木舟野營體驗\r\n\r\n在清晨破曉時分、天空透著微光乘著獨木舟划入太平洋欣賞從海平面上冉冉升起的太陽，紅光中、看日出從東方漸漸明亮、享受與大自然融為一體的獨特花蓮日出獨木舟體驗。接著在多層次碧海藍天的驚豔下，跟著達人的腳步划著獨木舟前往清水斷崖的腳下，參加一泊二食的花蓮露營行程，您', '', '2019-05-31', '2019-06-30', '2019-08-24', '2019-08-25', 4000, '5', 30, 0, 0, '', '6fd2725e8e1ab48c9df7129cb7473461bee208c3.jpg', 0, 0, 0, 0, '', 0),
(16, '- 誰是小當家 ●用美味料裡來一決勝負吧！-', '露營活動大部分都需要自己準備餐點，但如果你已經吃膩了單純的烤肉、火鍋，是不是應該來點不一樣的呢？', '露營活動大部分都需要自己準備餐點，但如果你已經吃膩了單純的烤肉、火鍋，是不是應該來點不一樣的呢？\r\n\r\n讓我們把理所當然的料理變成更有趣的遊戲吧！召集左鄰右舍，每個人或每組負責一道菜色進行 PK 大賽，除了讓餐桌更豐盛外，在比賽的過程中還能讓大家發揮創意、激盪出更多有趣的美味料理，快一起來爭奪特級廚師的寶座吧！', '位於新竹關西鎮的「樸真園」擁有三萬坪的純淨天地，園區堅持三十年的不灑農藥，也讓鳥類、昆蟲等動物自在地穿梭其中 ~\r\n\r\n而這裡也是一處相對奢華便利的露營選擇，除了幫你把烹飪用具都準備好好外，營帳內的環境好像家一般的舒適，最適合給想露營又不希望太奔波狼狽的你，來這片如畫的風景中待上兩天一夜，絕對讓你身心充飽滿滿的能量！', '2019-05-15', '2019-06-14', '2019-07-12', '2019-07-13', 3500, '1', 35, 20, 0, '', 'Junior Chef.jpg', 0, 0, 0, 0, '', 0),
(17, '─ 歡樂歌舞咖 ●即興舞蹈，開心就好 ─', '在阿里山上有一處星空帳篷，沒有城市喧囂，只有兩頂透明帷幕的帳篷，要讓你躺在床上也能望向滿天星斗，這山間的夜晚有盛宴、有美酒，那怎麼能少了助興的音樂呢？\r\n在豐盛的晚飯後，鄒族藝術家 ─ 不舞就要帶你展開一場夜晚部落音樂會了，平時會有愛熱鬧的大哥、大姐們，與你一同彈吉他、歌唱度過歡樂的夜晚 ~ 如果你很幸運，遇到村落內的特別活動或慶典，那將會是令人開心難忘的一夜呢！ ', ' ●森林音樂會響起大自然的絕美樂章 ', '▲ 水山巨木步道\r\n有如仙境般絕美步道，水山巨木步道全長大約有一點六公里，入口離沼平車站步行只要五分鐘，因才剛整修完成，知道的遊客並不多，所以漫步其中人煙杳杳，很有仙境的空靈感覺。以水山巨木作為步道名稱，自然是因為終點處有一棵樹齡二千七百年的紅檜神木。(全程來回約1.5小時左右)\r\n\r\n▲ 祝山觀日步道\r\n阿里山最高地標的高山植物園，此處是遠離塵囂又具有獨特幽靜氣息的私房景點，且配合六星級的小笠原山眺望台開放，在此台灣三大山脈(中央山脈、玉山山脈及阿里山脈)便盡收眼底，更可清楚望見台灣第一高峰的玉山主峰，', '2019-05-20', '2019-06-19', '2019-07-19', '2019-07-20', 2200, '2', 30, 20, 0, '  ', 'dance-africa-footprint-s1-mask9.jpg', 0, 0, 0, 0, '', 0),
(18, ' 寶貝親子咖 ●自己的帳篷自己搭，讓孩子學會動手做 ', '   帶著家中小寶貝的把把麻麻，還沒想好要做什麼活動才能讓孩子玩得開心嗎？\r\n「小松鼠帶你去露營」除了有親子同歡的趣味遊戲、也安排了夜間音樂演唱會、星空電影院等活動，非常適合新手露客們，只要帶著衣服及少少的用品，輕輕鬆鬆就可以出發露營去！\r\n另外，在這裡孩子們能找到一起開心共樂的玩伴，讓爸媽們放鬆地在一旁聊聊天呢。 ', '   帶著家中小寶貝的把把麻麻，還沒想好要做什麼活動才能讓孩子玩得開心嗎？\r\n\r\n「小松鼠帶你去露營」除了有親子同歡的趣味遊戲、也安排了夜間音樂演唱會、星空電影院等活動，非常適合新手露客們，只要帶著衣服及少少的用品，輕輕鬆鬆就可以出發露營去！\r\n\r\n另外，在這裡孩子們能找到一起開心共樂的玩伴，讓爸媽們放鬆地在一旁聊聊天呢。 ', '    ', '2019-05-27', '2019-06-26', '2019-08-09', '2019-08-10', 3500, '3', 50, 20, 0, '  gsdffd', 'family.jpg', 0, 0, 0, 0, '', 0),
(19, '─ 愛玩遊戲咖  ●人多人少都能玩 ─', '在我們心裡都住著一個小小孩，露營就像位厲害的魔術師，可以易容成任何模樣，每種樣貌，都引人入勝。有時空氣淡雅清新，像30歲有韻味的輕熟女。有時路段泥濘，像6歲到處奔跑的野孩子，放肆而無邪。有時碩大的岩石群高聳尖銳、或鬆動容易滑落，像23歲剛退伍的毛頭小子，有點爆衝，卻充滿幹勁。而最後，那面止水明鏡松蘿湖，隱約出現在松針葉後頭，大部分時候，她像17歲少女，溫柔婉約；但有時，日光微照，他又像咯咯笑著的半歲嬰孩，那麼溫暖、那麼可愛、那麼療癒。', ' ●免搭帳棚，免備露營設備，輕鬆入住夢幻神殿帳\r\n●月光下的產地餐桌－享受當地X當季的美食盛宴\r\n●全場域屬天然有機環境，提供自製沐浴用品', '互動式的遊戲，似乎是一種能快速拉近人與人之間距離的活動了，不論是熟識的朋友、或者初次見面的同團夥伴，只要一起加入戰局就能快速地跳離尷尬無聊的時光，直接讓人熱血沸騰！\r\n沒有準備道具的你，可以選擇類似殺手遊戲類型的活動，只要有足夠的人數即可進行；當然，如果你的行囊空間足夠的話，可以帶些簡單的撲克牌、桌遊等等，又或者你可以挑選恐怖戳戳樂和超可愛的復古彈珠台等趣味遊戲道具，都可以讓你們在露營的過程中度過好玩又歡樂的時光。 ', '2019-05-29', '2019-06-28', '2019-08-10', '2019-08-11', 3000, '1', 45, 20, 0, '     ', 'enjoy.jpg', 0, 0, 0, 0, '', 0),
(20, '夢幻露營｜免裝備露營．一泊二食職人服務', '   你，試過今年最夯的夢幻免裝備露營嗎？趣吧渡假式的夢幻免裝備露營Glamping，嚴選合法又安全，自然有機環境生態平衡的天然露營地，並提供『一泊二食』、『露營裝備』、『職人服務』、『職人體驗』 再加上 『豪華神殿帳篷』，讓你的免裝備露營體驗能盡情放鬆享受夢幻Glamping露營的悠閒氛圍。Glamping是夢幻豪華露營的意思，是glamorous+camping兩個字組合在一起的新字詞。你不需要準備一堆傢私就可以體驗露營的美好，如同擁有整片自然一般的享受。不同於一般的露營帳篷我們提供大空間、優質舒適的神殿帳篷，然而露營並非飯店住宿，唯有親自動手做才能感受原始生活的純粹之美。所以趣吧依舊安排了基本的戶外生活體驗，以免失去了露營的真諦，讓露營像是入住秘境般的享受，一泊二食+露營免裝備+職人服務+職人體驗。', '   ●2019夢幻露營場次：6/7(額滿)、7/13、8/3(最後3帳)、8/24\r\n●免搭帳棚，免備露營設備，輕鬆入住夢幻神殿帳\r\n●月光下的產地餐桌－享受當地X當季的美食盛宴\r\n●全場域屬天然有機環境，提供自製沐浴用品   ', '   － 職人服務｜宜蘭夢幻免裝備露營Glamping －\r\n由專業職人為您準備露營裝備、有機沐浴清潔用品，並於宜蘭夢幻免裝備露營活動期間提供職人貼心服務與露營簡易教學。\r\n\r\n－ 一泊二食｜宜蘭夢幻免裝備露營Glamping －\r\n宜蘭夢幻免裝備露營活動提供早、晚餐，而重頭戲的晚餐更特別邀請在地美食職人，結合當季在地食材，根據季節時令精心設計每一次的菜單，以無菜單Buffet形式呈現，讓您品嘗最道地的自然原味，享受一段與大自然對話的夢幻露營生活。\r\n\r\n－ 職人體驗｜宜蘭夢幻免裝備露營Glamping － ', '2019-06-01', '2019-06-30', '2019-08-17', '2019-08-18', 5500, '4', 30, 12, 0, '   ', 'glamping.jpg', 0, 0, 0, 0, '', 0),
(21, 'TOY STORY 4', '   Woody has always been confident about his place in the world and that his priority is taking care of his kid, whether that’s Andy or Bonnie. But when Bonnie adds a reluctant new toy called “Forky” to her room, a road trip adventure alongside old and ne', '          ', '          ', '2019-04-01', '2019-04-30', '2019-05-18', '2019-05-19', 300, '2', 100, 20, 4, '     ', 'Toy_Story_4_poster.jpg', 0, 0, 0, 0, '', 0),
(22, '一起露營追寶趣', '    在指定露營地的道館中打贏任一隻佔領的寶可夢，即可獲得資格    ', '    獲得寶可夢 露營樹懶 一隻    ', '    粉絲團按讚分享，再送999皮卡丘幣    ', '2019-03-22', '2019-03-31', '2019-04-20', '2019-04-21', 20, '5', 3, 1, 5, '    ', 'pokemon.jpg', 0, 0, 0, 0, '退費手續@$30*3人；退費@$20*3人', 150),
(23, '無人島星空露營｜夜划SUP尋藍色夜光砂', ' 『獨家企劃』無人島星空露營2天1夜，從港口乘船前往海中央的無人島秘境，在沁涼海水的沙灘上搭帳露營，享受海上夕陽的浪漫彩霞和夜晚滿天星斗的夢幻美景。夜晚的無人島露營有著更多驚奇，跟著在地達人夜划SUP，還有可能看見無人島旁的隱藏版藍色夜光砂秘境！隔日等待太陽在海的彼端緩緩升起，見證海與天融為一體的那一刻！第一次，感受與大自然如此親密的接觸。無人島星空露營2天1夜活動，讓你真正慢下步伐，走進自然，享受最原始單純的美好。    ', '  ●獨家秘境玩法－無人島沙灘露營+BBQ晚會\r\n●提供完整露營裝備，輕鬆享受海上夕陽X無敵星空\r\n●私房藍色夜光砂秘境！跟著在地達人夜划SUP尋訪，深度慢玩\r\n●限量開放報名，把握難得無人島露營機會！    ', '      ', '2019-05-23', '2019-06-22', '2019-07-31', '2019-08-01', 3500, '2', 30, 15, 0, '   ', 'islandStar.jpg', 0, 0, 0, 0, '', 0),
(24, '烏岩角獨木舟追日出｜東澳灣野營', '  想體驗在無光害的海岸下伴著星空露營嗎？宜蘭東澳海邊露營提供『免裝備』服務，搭配東澳獨木舟日出體驗，前一晚在宜蘭東澳海邊露營，晚餐在月光下烤肉，隔天一早乘上獨木舟出海，在海上欣賞東澳灣日出。身處宜蘭東澳海邊露野營這樣無水、無電、無光害的環境，才能大大享受於天然中的純淨感動！  ', '    宜蘭東澳為蘇花公路南下的第一個休息點，素來以美麗的東澳灣及粉鳥林豐富的魚貨著稱，在夏天海況穩定的季節，這裡也是體驗獨木舟活動的絕佳場域。\r\n\r\n宜蘭東澳海邊露野營活動，第1天下午在東澳集合，接著準備宜蘭東澳海邊露野營裝備與烤肉晚餐，晚餐在月光下烤肉(人愈多料理愈豐盛，6人以下會與其他拼團朋友併爐)，隔天邊欣賞宜蘭東澳日出邊吃早餐。\r\n\r\n宜蘭東澳海邊露野營活動，第2天野營後一早起來參加獨木舟日出團，由宜蘭東澳灣北岸出發，往北划行前往宜蘭最隱藏版秘境的美景－烏岩角，穿過東澳最大海蝕洞，來到中央山脈的起點  ', '  ●宜蘭東澳海邊露營懶人包，免備帳篷睡袋及食材\r\n●無水、無電、無光害純天然環境體驗露營\r\n●獨木舟划向烏岩角秘境：海蝕洞、神秘沙灘  ', '2019-06-01', '2019-06-30', '2019-08-03', '2019-08-04', 3000, '5', 14, 15, 0, '   ', 'canoe.jpg', 0, 0, 0, 0, '', 0);

-- --------------------------------------------------------

--
-- 資料表結構 `host_infolist`
--

CREATE TABLE `host_infolist` (
  `host_id` int(11) NOT NULL COMMENT 'id',
  `host_account` varchar(255) NOT NULL COMMENT '帳戶',
  `host_password` varchar(255) NOT NULL COMMENT '密碼',
  `host_parkName` varchar(255) NOT NULL COMMENT '園區名',
  `host_tel` varchar(255) NOT NULL COMMENT '連絡電話',
  `host_fax` varchar(255) DEFAULT NULL COMMENT '傳真號碼',
  `host_email` varchar(255) NOT NULL COMMENT '電子郵件',
  `host_address` varchar(255) NOT NULL COMMENT '詳細地址',
  `host_intro` text COMMENT '園區介紹',
  `host_paymentType` varchar(255) NOT NULL COMMENT '收款方式',
  `host_bankName` varchar(255) NOT NULL COMMENT '收款姓名',
  `host_bankAddress` varchar(255) NOT NULL COMMENT '收款地址',
  `host_bankIBAN` varchar(255) DEFAULT NULL COMMENT '銀行IBAN碼',
  `host_bankSWIFT` varchar(255) DEFAULT NULL COMMENT '銀行SWIFT碼'
) ENGINE=InnoDB DEFAULT CHARSET=utf8;

--
-- 資料表的匯出資料 `host_infolist`
--

INSERT INTO `host_infolist` (`host_id`, `host_account`, `host_password`, `host_parkName`, `host_tel`, `host_fax`, `host_email`, `host_address`, `host_intro`, `host_paymentType`, `host_bankName`, `host_bankAddress`, `host_bankIBAN`, `host_bankSWIFT`) VALUES
(1, 'test001', 'admin', '月兔農莊001', '00-0000-0001', '00-0000-0001', 'test001@example.com', '月兔市月兔路001號', 'Welcome to Tsuki campsite!', '電匯', 'Tsuki', '月兔市月兔路001號', 'IBAN_001', 'SWIFT_001'),
(2, 'test002', 'admin', '月兔農莊002', '00-0000-0002', '00-0000-0002', 'test002@example.com', '月兔市月兔路002號', 'Welcome to Tsuki campsite!', '電匯', 'Tsuki', '月兔市月兔路002號', 'IBAN_002', 'SWIFT_002'),
(3, 'test003', 'admin', '月兔農莊003', '00-0000-0003', '00-0000-0003', 'test003@example.com', '月兔市月兔路003號', 'Welcome to Tsuki campsite!', '電匯', 'Tsuki', '月兔市月兔路003號', 'IBAN_003', 'SWIFT_003'),
(4, 'test004', 'admin', '月兔農莊004', '00-0000-0004', '00-0000-0004', 'test004@example.com', '月兔市月兔路004號', 'Welcome to Tsuki campsite!', '電匯', 'Tsuki', '月兔市月兔路004號', 'IBAN_004', 'SWIFT_004'),
(5, 'test005', 'admin', '月兔農莊005', '00-0000-0005', '00-0000-0005', 'test005@example.com', '月兔市月兔路005號', 'Welcome to Tsuki campsite!', '電匯', 'Tsuki', '月兔市月兔路005號', 'IBAN_005', 'SWIFT_005'),
(6, 'test006', 'admin', '月兔農莊006', '00-0000-0006', '00-0000-0006', 'test006@example.com', '月兔市月兔路006號', 'Welcome to Tsuki campsite!', '電匯', 'Tsuki', '月兔市月兔路006號', 'IBAN_006', 'SWIFT_006'),
(7, 'test007', 'admin', '月兔農莊007', '00-0000-0007', '00-0000-0007', 'test007@example.com', '月兔市月兔路007號', 'Welcome to Tsuki campsite!', '電匯', 'Tsuki', '月兔市月兔路007號', 'IBAN_007', 'SWIFT_007'),
(8, 'test008', 'admin', '月兔農莊008', '00-0000-0008', '00-0000-0008', 'test008@example.com', '月兔市月兔路008號', 'Welcome to Tsuki campsite!', '電匯', 'Tsuki', '月兔市月兔路008號', 'IBAN_008', 'SWIFT_008'),
(9, 'test009', 'admin', '月兔農莊009', '00-0000-0009', '00-0000-0009', 'test009@example.com', '月兔市月兔路009號', 'Welcome to Tsuki campsite!', '電匯', 'Tsuki', '月兔市月兔路009號', 'IBAN_009', 'SWIFT_009'),
(10, 'test010', 'admin', '月兔農莊010', '00-0000-0010', '00-0000-0010', 'test010@example.com', '月兔市月兔路010號', 'Welcome to Tsuki campsite!', '電匯', 'Tsuki', '月兔市月兔路010號', 'IBAN_010', 'SWIFT_010'),
(11, 'test011', 'admin', '月兔農莊011', '00-0000-0011', '00-0000-0011', 'test011@example.com', '月兔市月兔路011號', 'Welcome to Tsuki campsite!', '電匯', 'Tsuki', '月兔市月兔路011號', 'IBAN_011', 'SWIFT_011'),
(12, 'test012', 'admin', '月兔農莊012', '00-0000-0012', '00-0000-0012', 'test012@example.com', '月兔市月兔路012號', 'Welcome to Tsuki campsite!', '電匯', 'Tsuki', '月兔市月兔路012號', 'IBAN_012', 'SWIFT_012'),
(13, 'test013', 'admin', '月兔農莊013', '00-0000-0013', '00-0000-0013', 'test013@example.com', '月兔市月兔路013號', 'Welcome to Tsuki campsite!', '電匯', 'Tsuki', '月兔市月兔路013號', 'IBAN_013', 'SWIFT_013'),
(14, 'test014', 'admin', '月兔農莊014', '00-0000-0014', '00-0000-0014', 'test014@example.com', '月兔市月兔路014號', 'Welcome to Tsuki campsite!', '電匯', 'Tsuki', '月兔市月兔路014號', 'IBAN_014', 'SWIFT_014'),
(15, 'test015', 'admin', '月兔農莊015', '00-0000-0015', '00-0000-0015', 'test015@example.com', '月兔市月兔路015號', 'Welcome to Tsuki campsite!', '電匯', 'Tsuki', '月兔市月兔路015號', 'IBAN_015', 'SWIFT_015'),
(16, 'test016', 'admin', '月兔農莊016', '00-0000-0016', '00-0000-0016', 'test016@example.com', '月兔市月兔路016號', 'Welcome to Tsuki campsite!', '電匯', 'Tsuki', '月兔市月兔路016號', 'IBAN_016', 'SWIFT_016'),
(17, 'test017', 'admin', '月兔農莊017', '00-0000-0017', '00-0000-0017', 'test017@example.com', '月兔市月兔路017號', 'Welcome to Tsuki campsite!', '電匯', 'Tsuki', '月兔市月兔路017號', 'IBAN_017', 'SWIFT_017'),
(18, 'test018', 'admin', '月兔農莊018', '00-0000-0018', '00-0000-0018', 'test018@example.com', '月兔市月兔路018號', 'Welcome to Tsuki campsite!', '電匯', 'Tsuki', '月兔市月兔路018號', 'IBAN_018', 'SWIFT_018'),
(19, 'test019', 'admin', '月兔農莊019', '00-0000-0019', '00-0000-0019', 'test019@example.com', '月兔市月兔路019號', 'Welcome to Tsuki campsite!', '電匯', 'Tsuki', '月兔市月兔路019號', 'IBAN_019', 'SWIFT_019'),
(20, 'test020', 'admin', '月兔農莊020', '00-0000-0020', '00-0000-0020', 'test020@example.com', '月兔市月兔路020號', 'Welcome to Tsuki campsite!', '電匯', 'Tsuki', '月兔市月兔路020號', 'IBAN_020', 'SWIFT_020'),
(21, 'test021', 'admin', '月兔農莊021', '00-0000-0021', '00-0000-0021', 'test021@example.com', '月兔市月兔路021號', 'Welcome to Tsuki campsite!', '電匯', 'Tsuki', '月兔市月兔路021號', 'IBAN_021', 'SWIFT_021'),
(22, 'test022', 'admin', '月兔農莊022', '00-0000-0022', '00-0000-0022', 'test022@example.com', '月兔市月兔路022號', 'Welcome to Tsuki campsite!', '電匯', 'Tsuki', '月兔市月兔路022號', 'IBAN_022', 'SWIFT_022'),
(23, 'test023', 'admin', '月兔農莊023', '00-0000-0023', '00-0000-0023', 'test023@example.com', '月兔市月兔路023號', 'Welcome to Tsuki campsite!', '電匯', 'Tsuki', '月兔市月兔路023號', 'IBAN_023', 'SWIFT_023'),
(24, 'test024', 'admin', '月兔農莊024', '00-0000-0024', '00-0000-0024', 'test024@example.com', '月兔市月兔路024號', 'Welcome to Tsuki campsite!', '電匯', 'Tsuki', '月兔市月兔路024號', 'IBAN_024', 'SWIFT_024'),
(25, 'test025', 'admin', '月兔農莊025', '00-0000-0025', '00-0000-0025', 'test025@example.com', '月兔市月兔路025號', 'Welcome to Tsuki campsite!', '電匯', 'Tsuki', '月兔市月兔路025號', 'IBAN_025', 'SWIFT_025'),
(26, 'test026', 'admin', '月兔農莊026', '00-0000-0026', '00-0000-0026', 'test026@example.com', '月兔市月兔路026號', 'Welcome to Tsuki campsite!', '電匯', 'Tsuki', '月兔市月兔路026號', 'IBAN_026', 'SWIFT_026'),
(27, 'test027', 'admin', '月兔農莊027', '00-0000-0027', '00-0000-0027', 'test027@example.com', '月兔市月兔路027號', 'Welcome to Tsuki campsite!', '電匯', 'Tsuki', '月兔市月兔路027號', 'IBAN_027', 'SWIFT_027'),
(28, 'test028', 'admin', '月兔農莊028', '00-0000-0028', '00-0000-0028', 'test028@example.com', '月兔市月兔路028號', 'Welcome to Tsuki campsite!', '電匯', 'Tsuki', '月兔市月兔路028號', 'IBAN_028', 'SWIFT_028'),
(29, 'test029', 'admin', '月兔農莊029', '00-0000-0029', '00-0000-0029', 'test029@example.com', '月兔市月兔路029號', 'Welcome to Tsuki campsite!', '電匯', 'Tsuki', '月兔市月兔路029號', 'IBAN_029', 'SWIFT_029'),
(30, 'test030', 'admin', '月兔農莊030', '00-0000-0030', '00-0000-0030', 'test030@example.com', '月兔市月兔路030號', 'Welcome to Tsuki campsite!', '電匯', 'Tsuki', '月兔市月兔路030號', 'IBAN_030', 'SWIFT_030'),
(31, 'test031', 'admin', '月兔農莊031', '00-0000-0031', '00-0000-0031', 'test031@example.com', '月兔市月兔路031號', 'Welcome to Tsuki campsite!', '電匯', 'Tsuki', '月兔市月兔路031號', 'IBAN_031', 'SWIFT_031'),
(32, 'test032', 'admin', '月兔農莊032', '00-0000-0032', '00-0000-0032', 'test032@example.com', '月兔市月兔路032號', 'Welcome to Tsuki campsite!', '電匯', 'Tsuki', '月兔市月兔路032號', 'IBAN_032', 'SWIFT_032'),
(33, 'test033', 'admin', '月兔農莊033', '00-0000-0033', '00-0000-0033', 'test033@example.com', '月兔市月兔路033號', 'Welcome to Tsuki campsite!', '電匯', 'Tsuki', '月兔市月兔路033號', 'IBAN_033', 'SWIFT_033'),
(34, 'test034', 'admin', '月兔農莊034', '00-0000-0034', '00-0000-0034', 'test034@example.com', '月兔市月兔路034號', 'Welcome to Tsuki campsite!', '電匯', 'Tsuki', '月兔市月兔路034號', 'IBAN_034', 'SWIFT_034'),
(35, 'test035', 'admin', '月兔農莊035', '00-0000-0035', '00-0000-0035', 'test035@example.com', '月兔市月兔路035號', 'Welcome to Tsuki campsite!', '電匯', 'Tsuki', '月兔市月兔路035號', 'IBAN_035', 'SWIFT_035'),
(36, 'test036', 'admin', '月兔農莊036', '00-0000-0036', '00-0000-0036', 'test036@example.com', '月兔市月兔路036號', 'Welcome to Tsuki campsite!', '電匯', 'Tsuki', '月兔市月兔路036號', 'IBAN_036', 'SWIFT_036'),
(37, 'test037', 'admin', '月兔農莊037', '00-0000-0037', '00-0000-0037', 'test037@example.com', '月兔市月兔路037號', 'Welcome to Tsuki campsite!', '電匯', 'Tsuki', '月兔市月兔路037號', 'IBAN_037', 'SWIFT_037'),
(38, 'test038', 'admin', '月兔農莊038', '00-0000-0038', '00-0000-0038', 'test038@example.com', '月兔市月兔路038號', 'Welcome to Tsuki campsite!', '電匯', 'Tsuki', '月兔市月兔路038號', 'IBAN_038', 'SWIFT_038'),
(39, 'test039', 'admin', '月兔農莊039', '00-0000-0039', '00-0000-0039', 'test039@example.com', '月兔市月兔路039號', 'Welcome to Tsuki campsite!', '電匯', 'Tsuki', '月兔市月兔路039號', 'IBAN_039', 'SWIFT_039'),
(40, 'test040', 'admin', '月兔農莊040', '00-0000-0040', '00-0000-0040', 'test040@example.com', '月兔市月兔路040號', 'Welcome to Tsuki campsite!', '電匯', 'Tsuki', '月兔市月兔路040號', 'IBAN_040', 'SWIFT_040'),
(41, 'test041', 'admin', '月兔農莊041', '00-0000-0041', '00-0000-0041', 'test041@example.com', '月兔市月兔路041號', 'Welcome to Tsuki campsite!', '電匯', 'Tsuki', '月兔市月兔路041號', 'IBAN_041', 'SWIFT_041'),
(42, 'test042', 'admin', '月兔農莊042', '00-0000-0042', '00-0000-0042', 'test042@example.com', '月兔市月兔路042號', 'Welcome to Tsuki campsite!', '電匯', 'Tsuki', '月兔市月兔路042號', 'IBAN_042', 'SWIFT_042'),
(43, 'test043', 'admin', '月兔農莊043', '00-0000-0043', '00-0000-0043', 'test043@example.com', '月兔市月兔路043號', 'Welcome to Tsuki campsite!', '電匯', 'Tsuki', '月兔市月兔路043號', 'IBAN_043', 'SWIFT_043'),
(44, 'test044', 'admin', '月兔農莊044', '00-0000-0044', '00-0000-0044', 'test044@example.com', '月兔市月兔路044號', 'Welcome to Tsuki campsite!', '電匯', 'Tsuki', '月兔市月兔路044號', 'IBAN_044', 'SWIFT_044'),
(45, 'test045', 'admin', '月兔農莊045', '00-0000-0045', '00-0000-0045', 'test045@example.com', '月兔市月兔路045號', 'Welcome to Tsuki campsite!', '電匯', 'Tsuki', '月兔市月兔路045號', 'IBAN_045', 'SWIFT_045'),
(46, 'test046', 'admin', '月兔農莊046', '00-0000-0046', '00-0000-0046', 'test046@example.com', '月兔市月兔路046號', 'Welcome to Tsuki campsite!', '電匯', 'Tsuki', '月兔市月兔路046號', 'IBAN_046', 'SWIFT_046'),
(47, 'test047', 'admin', '月兔農莊047', '00-0000-0047', '00-0000-0047', 'test047@example.com', '月兔市月兔路047號', 'Welcome to Tsuki campsite!', '電匯', 'Tsuki', '月兔市月兔路047號', 'IBAN_047', 'SWIFT_047'),
(48, 'test048', 'admin', '月兔農莊048', '00-0000-0048', '00-0000-0048', 'test048@example.com', '月兔市月兔路048號', 'Welcome to Tsuki campsite!', '電匯', 'Tsuki', '月兔市月兔路048號', 'IBAN_048', 'SWIFT_048'),
(49, 'test049', 'admin', '月兔農莊049', '00-0000-0049', '00-0000-0049', 'test049@example.com', '月兔市月兔路049號', 'Welcome to Tsuki campsite!', '電匯', 'Tsuki', '月兔市月兔路049號', 'IBAN_049', 'SWIFT_049'),
(50, 'test050', 'admin', '月兔農莊050', '00-0000-0050', '00-0000-0050', 'test050@example.com', '月兔市月兔路050號', 'Welcome to Tsuki campsite!', '電匯', 'Tsuki', '月兔市月兔路050號', 'IBAN_050', 'SWIFT_050'),
(51, 'test051', 'admin', '月兔農莊051', '00-0000-0051', '00-0000-0051', 'test051@example.com', '月兔市月兔路051號', 'Welcome to Tsuki campsite!', '電匯', 'Tsuki', '月兔市月兔路051號', 'IBAN_051', 'SWIFT_051'),
(52, 'test052', 'admin', '月兔農莊052', '00-0000-0052', '00-0000-0052', 'test052@example.com', '月兔市月兔路052號', 'Welcome to Tsuki campsite!', '電匯', 'Tsuki', '月兔市月兔路052號', 'IBAN_052', 'SWIFT_052'),
(53, 'test053', 'admin', '月兔農莊053', '00-0000-0053', '00-0000-0053', 'test053@example.com', '月兔市月兔路053號', 'Welcome to Tsuki campsite!', '電匯', 'Tsuki', '月兔市月兔路053號', 'IBAN_053', 'SWIFT_053'),
(54, 'test054', 'admin', '月兔農莊054', '00-0000-0054', '00-0000-0054', 'test054@example.com', '月兔市月兔路054號', 'Welcome to Tsuki campsite!', '電匯', 'Tsuki', '月兔市月兔路054號', 'IBAN_054', 'SWIFT_054'),
(55, 'test055', 'admin', '月兔農莊055', '00-0000-0055', '00-0000-0055', 'test055@example.com', '月兔市月兔路055號', 'Welcome to Tsuki campsite!', '電匯', 'Tsuki', '月兔市月兔路055號', 'IBAN_055', 'SWIFT_055'),
(56, 'test056', 'admin', '月兔農莊056', '00-0000-0056', '00-0000-0056', 'test056@example.com', '月兔市月兔路056號', 'Welcome to Tsuki campsite!', '電匯', 'Tsuki', '月兔市月兔路056號', 'IBAN_056', 'SWIFT_056'),
(57, 'test057', 'admin', '月兔農莊057', '00-0000-0057', '00-0000-0057', 'test057@example.com', '月兔市月兔路057號', 'Welcome to Tsuki campsite!', '電匯', 'Tsuki', '月兔市月兔路057號', 'IBAN_057', 'SWIFT_057'),
(58, 'test058', 'admin', '月兔農莊058', '00-0000-0058', '00-0000-0058', 'test058@example.com', '月兔市月兔路058號', 'Welcome to Tsuki campsite!', '電匯', 'Tsuki', '月兔市月兔路058號', 'IBAN_058', 'SWIFT_058'),
(59, 'test059', 'admin', '月兔農莊059', '00-0000-0059', '00-0000-0059', 'test059@example.com', '月兔市月兔路059號', 'Welcome to Tsuki campsite!', '電匯', 'Tsuki', '月兔市月兔路059號', 'IBAN_059', 'SWIFT_059'),
(60, 'test060', 'admin', '月兔農莊060', '00-0000-0060', '00-0000-0060', 'test060@example.com', '月兔市月兔路060號', 'Welcome to Tsuki campsite!', '電匯', 'Tsuki', '月兔市月兔路060號', 'IBAN_060', 'SWIFT_060'),
(61, 'test061', 'admin', '月兔農莊061', '00-0000-0061', '00-0000-0061', 'test061@example.com', '月兔市月兔路061號', 'Welcome to Tsuki campsite!', '電匯', 'Tsuki', '月兔市月兔路061號', 'IBAN_061', 'SWIFT_061'),
(62, 'test062', 'admin', '月兔農莊062', '00-0000-0062', '00-0000-0062', 'test062@example.com', '月兔市月兔路062號', 'Welcome to Tsuki campsite!', '電匯', 'Tsuki', '月兔市月兔路062號', 'IBAN_062', 'SWIFT_062'),
(63, 'test063', 'admin', '月兔農莊063', '00-0000-0063', '00-0000-0063', 'test063@example.com', '月兔市月兔路063號', 'Welcome to Tsuki campsite!', '電匯', 'Tsuki', '月兔市月兔路063號', 'IBAN_063', 'SWIFT_063'),
(64, 'test064', 'admin', '月兔農莊064', '00-0000-0064', '00-0000-0064', 'test064@example.com', '月兔市月兔路064號', 'Welcome to Tsuki campsite!', '電匯', 'Tsuki', '月兔市月兔路064號', 'IBAN_064', 'SWIFT_064'),
(65, 'test065', 'admin', '月兔農莊065', '00-0000-0065', '00-0000-0065', 'test065@example.com', '月兔市月兔路065號', 'Welcome to Tsuki campsite!', '電匯', 'Tsuki', '月兔市月兔路065號', 'IBAN_065', 'SWIFT_065'),
(66, 'test066', 'admin', '月兔農莊066', '00-0000-0066', '00-0000-0066', 'test066@example.com', '月兔市月兔路066號', 'Welcome to Tsuki campsite!', '電匯', 'Tsuki', '月兔市月兔路066號', 'IBAN_066', 'SWIFT_066'),
(67, 'test067', 'admin', '月兔農莊067', '00-0000-0067', '00-0000-0067', 'test067@example.com', '月兔市月兔路067號', 'Welcome to Tsuki campsite!', '電匯', 'Tsuki', '月兔市月兔路067號', 'IBAN_067', 'SWIFT_067'),
(68, 'test068', 'admin', '月兔農莊068', '00-0000-0068', '00-0000-0068', 'test068@example.com', '月兔市月兔路068號', 'Welcome to Tsuki campsite!', '電匯', 'Tsuki', '月兔市月兔路068號', 'IBAN_068', 'SWIFT_068'),
(69, 'test069', 'admin', '月兔農莊069', '00-0000-0069', '00-0000-0069', 'test069@example.com', '月兔市月兔路069號', 'Welcome to Tsuki campsite!', '電匯', 'Tsuki', '月兔市月兔路069號', 'IBAN_069', 'SWIFT_069'),
(70, 'test070', 'admin', '月兔農莊070', '00-0000-0070', '00-0000-0070', 'test070@example.com', '月兔市月兔路070號', 'Welcome to Tsuki campsite!', '電匯', 'Tsuki', '月兔市月兔路070號', 'IBAN_070', 'SWIFT_070'),
(71, 'test071', 'admin', '月兔農莊071', '00-0000-0071', '00-0000-0071', 'test071@example.com', '月兔市月兔路071號', 'Welcome to Tsuki campsite!', '電匯', 'Tsuki', '月兔市月兔路071號', 'IBAN_071', 'SWIFT_071'),
(72, 'test072', 'admin', '月兔農莊072', '00-0000-0072', '00-0000-0072', 'test072@example.com', '月兔市月兔路072號', 'Welcome to Tsuki campsite!', '電匯', 'Tsuki', '月兔市月兔路072號', 'IBAN_072', 'SWIFT_072'),
(73, 'test073', 'admin', '月兔農莊073', '00-0000-0073', '00-0000-0073', 'test073@example.com', '月兔市月兔路073號', 'Welcome to Tsuki campsite!', '電匯', 'Tsuki', '月兔市月兔路073號', 'IBAN_073', 'SWIFT_073'),
(74, 'test074', 'admin', '月兔農莊074', '00-0000-0074', '00-0000-0074', 'test074@example.com', '月兔市月兔路074號', 'Welcome to Tsuki campsite!', '電匯', 'Tsuki', '月兔市月兔路074號', 'IBAN_074', 'SWIFT_074'),
(75, 'test075', 'admin', '月兔農莊075', '00-0000-0075', '00-0000-0075', 'test075@example.com', '月兔市月兔路075號', 'Welcome to Tsuki campsite!', '電匯', 'Tsuki', '月兔市月兔路075號', 'IBAN_075', 'SWIFT_075'),
(76, 'test076', 'admin', '月兔農莊076', '00-0000-0076', '00-0000-0076', 'test076@example.com', '月兔市月兔路076號', 'Welcome to Tsuki campsite!', '電匯', 'Tsuki', '月兔市月兔路076號', 'IBAN_076', 'SWIFT_076'),
(77, 'test077', 'admin', '月兔農莊077', '00-0000-0077', '00-0000-0077', 'test077@example.com', '月兔市月兔路077號', 'Welcome to Tsuki campsite!', '電匯', 'Tsuki', '月兔市月兔路077號', 'IBAN_077', 'SWIFT_077'),
(78, 'test078', 'admin', '月兔農莊078', '00-0000-0078', '00-0000-0078', 'test078@example.com', '月兔市月兔路078號', 'Welcome to Tsuki campsite!', '電匯', 'Tsuki', '月兔市月兔路078號', 'IBAN_078', 'SWIFT_078'),
(79, 'test079', 'admin', '月兔農莊079', '00-0000-0079', '00-0000-0079', 'test079@example.com', '月兔市月兔路079號', 'Welcome to Tsuki campsite!', '電匯', 'Tsuki', '月兔市月兔路079號', 'IBAN_079', 'SWIFT_079'),
(80, 'test080', 'admin', '月兔農莊080', '00-0000-0080', '00-0000-0080', 'test080@example.com', '月兔市月兔路080號', 'Welcome to Tsuki campsite!', '電匯', 'Tsuki', '月兔市月兔路080號', 'IBAN_080', 'SWIFT_080'),
(81, 'test081', 'admin', '月兔農莊081', '00-0000-0081', '00-0000-0081', 'test081@example.com', '月兔市月兔路081號', 'Welcome to Tsuki campsite!', '電匯', 'Tsuki', '月兔市月兔路081號', 'IBAN_081', 'SWIFT_081'),
(82, 'test082', 'admin', '月兔農莊082', '00-0000-0082', '00-0000-0082', 'test082@example.com', '月兔市月兔路082號', 'Welcome to Tsuki campsite!', '電匯', 'Tsuki', '月兔市月兔路082號', 'IBAN_082', 'SWIFT_082'),
(83, 'test083', 'admin', '月兔農莊083', '00-0000-0083', '00-0000-0083', 'test083@example.com', '月兔市月兔路083號', 'Welcome to Tsuki campsite!', '電匯', 'Tsuki', '月兔市月兔路083號', 'IBAN_083', 'SWIFT_083'),
(84, 'test084', 'admin', '月兔農莊084', '00-0000-0084', '00-0000-0084', 'test084@example.com', '月兔市月兔路084號', 'Welcome to Tsuki campsite!', '電匯', 'Tsuki', '月兔市月兔路084號', 'IBAN_084', 'SWIFT_084'),
(85, 'test085', 'admin', '月兔農莊085', '00-0000-0085', '00-0000-0085', 'test085@example.com', '月兔市月兔路085號', 'Welcome to Tsuki campsite!', '電匯', 'Tsuki', '月兔市月兔路085號', 'IBAN_085', 'SWIFT_085'),
(86, 'test086', 'admin', '月兔農莊086', '00-0000-0086', '00-0000-0086', 'test086@example.com', '月兔市月兔路086號', 'Welcome to Tsuki campsite!', '電匯', 'Tsuki', '月兔市月兔路086號', 'IBAN_086', 'SWIFT_086'),
(87, 'test087', 'admin', '月兔農莊087', '00-0000-0087', '00-0000-0087', 'test087@example.com', '月兔市月兔路087號', 'Welcome to Tsuki campsite!', '電匯', 'Tsuki', '月兔市月兔路087號', 'IBAN_087', 'SWIFT_087'),
(88, 'test088', 'admin', '月兔農莊088', '00-0000-0088', '00-0000-0088', 'test088@example.com', '月兔市月兔路088號', 'Welcome to Tsuki campsite!', '電匯', 'Tsuki', '月兔市月兔路088號', 'IBAN_088', 'SWIFT_088'),
(89, 'test089', 'admin', '月兔農莊089', '00-0000-0089', '00-0000-0089', 'test089@example.com', '月兔市月兔路089號', 'Welcome to Tsuki campsite!', '電匯', 'Tsuki', '月兔市月兔路089號', 'IBAN_089', 'SWIFT_089'),
(90, 'test090', 'admin', '月兔農莊090', '00-0000-0090', '00-0000-0090', 'test090@example.com', '月兔市月兔路090號', 'Welcome to Tsuki campsite!', '電匯', 'Tsuki', '月兔市月兔路090號', 'IBAN_090', 'SWIFT_090'),
(91, 'test091', 'admin', '月兔農莊091', '00-0000-0091', '00-0000-0091', 'test091@example.com', '月兔市月兔路091號', 'Welcome to Tsuki campsite!', '電匯', 'Tsuki', '月兔市月兔路091號', 'IBAN_091', 'SWIFT_091'),
(92, 'test092', 'admin', '月兔農莊092', '00-0000-0092', '00-0000-0092', 'test092@example.com', '月兔市月兔路092號', 'Welcome to Tsuki campsite!', '電匯', 'Tsuki', '月兔市月兔路092號', 'IBAN_092', 'SWIFT_092'),
(93, 'test093', 'admin', '月兔農莊093', '00-0000-0093', '00-0000-0093', 'test093@example.com', '月兔市月兔路093號', 'Welcome to Tsuki campsite!', '電匯', 'Tsuki', '月兔市月兔路093號', 'IBAN_093', 'SWIFT_093'),
(94, 'test094', 'admin', '月兔農莊094', '00-0000-0094', '00-0000-0094', 'test094@example.com', '月兔市月兔路094號', 'Welcome to Tsuki campsite!', '電匯', 'Tsuki', '月兔市月兔路094號', 'IBAN_094', 'SWIFT_094'),
(95, 'test095', 'admin', '月兔農莊095', '00-0000-0095', '00-0000-0095', 'test095@example.com', '月兔市月兔路095號', 'Welcome to Tsuki campsite!', '電匯', 'Tsuki', '月兔市月兔路095號', 'IBAN_095', 'SWIFT_095'),
(96, 'test096', 'admin', '月兔農莊096', '00-0000-0096', '00-0000-0096', 'test096@example.com', '月兔市月兔路096號', 'Welcome to Tsuki campsite!', '電匯', 'Tsuki', '月兔市月兔路096號', 'IBAN_096', 'SWIFT_096'),
(97, 'test097', 'admin', '月兔農莊097', '00-0000-0097', '00-0000-0097', 'test097@example.com', '月兔市月兔路097號', 'Welcome to Tsuki campsite!', '電匯', 'Tsuki', '月兔市月兔路097號', 'IBAN_097', 'SWIFT_097'),
(98, 'test098', 'admin', '月兔農莊098', '00-0000-0098', '00-0000-0098', 'test098@example.com', '月兔市月兔路098號', 'Welcome to Tsuki campsite!', '電匯', 'Tsuki', '月兔市月兔路098號', 'IBAN_098', 'SWIFT_098'),
(99, 'test099', 'admin', '月兔農莊099', '00-0000-0099', '00-0000-0099', 'test099@example.com', '月兔市月兔路099號', 'Welcome to Tsuki campsite!', '電匯', 'Tsuki', '月兔市月兔路099號', 'IBAN_099', 'SWIFT_099'),
(100, 'test100', 'admin', '月兔農莊100', '00-0000-0100', '00-0000-0100', 'test100@example.com', '月兔市月兔路100號', 'Welcome to Tsuki campsite!', '電匯', 'Tsuki', '月兔市月兔路100號', 'IBAN_100', 'SWIFT_100');

-- --------------------------------------------------------

--
-- 資料表結構 `host_list`
--

CREATE TABLE `host_list` (
  `host_id` int(11) NOT NULL COMMENT '流水號',
  `host_acc` varchar(255) NOT NULL COMMENT '帳戶',
  `host_pwd` varchar(255) NOT NULL COMMENT '密碼',
  `host_incName` varchar(255) NOT NULL COMMENT '公司名稱',
  `host_incVat` varchar(255) DEFAULT NULL COMMENT '公司統編',
  `host_incTel` varchar(255) NOT NULL COMMENT '公司電話',
  `host_incFax` varchar(255) DEFAULT NULL COMMENT '公司傳真',
  `host_incEmail` varchar(255) NOT NULL COMMENT '公司信箱',
  `host_incAdd` varchar(255) NOT NULL COMMENT '公司地址',
  `host_bankName` varchar(255) NOT NULL COMMENT '公司戶名',
  `host_bankAcc` varchar(255) NOT NULL COMMENT '公司帳戶'
) ENGINE=InnoDB DEFAULT CHARSET=utf8 COMMENT='營地主公司資料';

--
-- 資料表的匯出資料 `host_list`
--

INSERT INTO `host_list` (`host_id`, `host_acc`, `host_pwd`, `host_incName`, `host_incVat`, `host_incTel`, `host_incFax`, `host_incEmail`, `host_incAdd`, `host_bankName`, `host_bankAcc`) VALUES
(1, 'iii', '$2b$10$bjO4tE.A89ZaEPfW40zIcuptqDi4AAAjIQRu9yKKr6lQYsE/9HQde', '資策會', '05076416', '02-6631-6666', '02-6631-6598', 'test@iii.org.tw', '台北市復興南路一段390號2樓', '財團法人資訊工業策進會', '017（兆豐銀行）39206105888686'),
(2, 'GoCamping01', '$2b$10$cjHQhIORfqgTB3sGro.8Me76sP3UEb9qkrOswqWWcZlA199avSKv2', 'Hulagarden呼啦莊園', '42992755', '037-931928', '037-931960', 'fungardenhula@gmail.com', '苗栗市獅潭鄉永興村下大窩2-1號', '吉友德開發股份有限公司', '812（台新銀行）2108-01-0020416-4'),
(3, 'GoCamping02', 'd033e22ae348aeb5660fc2140aec35850c4da997', '菁山遊憩區', '22710043', '02-2862-5116', '無', 'starfountain2016@gmail.com', '台北市士林區菁山路101巷71弄16號', '林念儀', '017（兆豐銀行）39206105888686'),
(4, 'GoCamping03', '$2b$10$YNrpyJtd5alQGi9UJGOW1uMf9y/20c45HRn2I5vdIBI4NBuvyJNky', '何方神聖慢活營', '72909348', '0800-651-717', '無', 'mip15751@cndps.com', '新北市烏來區大羅蘭19號之1', '何方神聖慢活營', '017（兆豐銀行）39206105888686'),
(5, 'GoCamping04', '$2b$10$qL/G6Pciynn8iZqGAc4IteZbNaUCKDNg8tqQF.7DP1mfTOVkuCc9y', '長青谷大自然園區', '43863602', '02-2915-7729', '無', 'ecc41930@cndps.com', '新北市新店區新潭路二段25號', '長青谷大自然園區', '017（兆豐銀行）39206105888686'),
(6, 'GoCamping05', '$2b$10$PemmiOFKedMTVMWw7wWBIe8wxLAqKTtGHMiIszZsCsEn9OKylccum', '馬塔大文化露營區', '46477995', '02-2252-7966', '無', 'dab98514@cndps.com', '新北市烏來區福山里李茂岸56號', '馬塔大文化露營區', '017（兆豐銀行）39206105888686'),
(7, 'GoCamping06', '$2b$10$JVy2sf5bRqnYUHFPb8BNw.RMInA/sEXEHVMsip6vjcmpT0QVrtP/W', '確幸莊園 Treasure Manor', '22388421', ' 02-2918-8769', '無', 'ylz86544@cndps.com', '新北市新店區新潭路二段27號', '確幸莊園', '017（兆豐銀行）39206105888686'),
(8, 'GoCamping07', '$2b$10$.yzyg7fW.o06u78AVLbk/e0G1gih2PLYEwv4MSopOvCcsDnSKqJ.G', '文山農場', '62788988', '02-2666-7512', '無', 'jtj91891@cndps.com', '新北市新店區湖子內路100號', '文山農場', '017（兆豐銀行）39206105888686'),
(9, 'GoCamping08', '$2b$10$ueNphLKOZmb1ocVMLZv/9uYO3g0oze631.61ZT0WmGepDAgpggRhe', '飛鼠不渴露營農場', '16621042', '0981-650-878', '無', 'lzy25622@cndps.com', '雪霧鬧部落', '飛鼠不渴露營農場', '017（兆豐銀行）39206105888686'),
(10, 'GoCamping09', '$2b$10$xASasteIiQtOJ7MD6CAOFuWe7p6NekYcIMPQnUvLGxusfqfgDz6HS', '七里莊園', '98051824', '02-2252-7966', '無', 'jck31403@cndps.com', '桃園市新屋區九斗里4鄰3-7號', '七里莊園', '017（兆豐銀行）39206105888686'),
(11, 'GoCamping10', '$2b$10$YJ9HThS6uns3Q8m2qgtOGOmNY2LqqGZJf7S4CJOwpJsN0fxnpfcgW', '福田美地', '82336707', '02-2252-7966', '無', 'ugu98030@cndps.com', '桃園市復興區霞雲里庫志11鄰24號', '福田美地', '017（兆豐銀行）39206105888686');

-- --------------------------------------------------------

--
-- 資料表結構 `host_paymenttype`
--

CREATE TABLE `host_paymenttype` (
  `host_paymentTypeId` int(11) NOT NULL COMMENT '流水號',
  `host_paymentType` varchar(255) NOT NULL COMMENT '收款類型'
) ENGINE=InnoDB DEFAULT CHARSET=utf8;

--
-- 資料表的匯出資料 `host_paymenttype`
--

INSERT INTO `host_paymenttype` (`host_paymentTypeId`, `host_paymentType`) VALUES
(1, 'PayPal'),
(2, '電匯');

-- --------------------------------------------------------

--
-- 資料表結構 `issue_condi`
--

CREATE TABLE `issue_condi` (
  `issue_condi` int(11) NOT NULL,
  `issue_condi_name` varchar(255) NOT NULL
) ENGINE=InnoDB DEFAULT CHARSET=utf8;

--
-- 資料表的匯出資料 `issue_condi`
--

INSERT INTO `issue_condi` (`issue_condi`, `issue_condi_name`) VALUES
(1, '初次登入'),
(2, '會員等級'),
(3, '訂單累積');

-- --------------------------------------------------------

--
-- 資料表結構 `location_citylist`
--

CREATE TABLE `location_citylist` (
  `city_id` int(11) NOT NULL COMMENT 'id',
  `city_name` varchar(255) NOT NULL COMMENT '城市名'
) ENGINE=InnoDB DEFAULT CHARSET=utf8;

--
-- 資料表的匯出資料 `location_citylist`
--

INSERT INTO `location_citylist` (`city_id`, `city_name`) VALUES
(1, '基隆市'),
(2, '台北市'),
(3, '新北市'),
(4, '桃園市'),
(5, '新竹市'),
(6, '新竹縣'),
(7, '宜蘭縣'),
(8, '苗栗縣'),
(9, '台中市'),
(10, '彰化縣'),
(11, '南投縣'),
(12, '雲林縣'),
(13, '嘉義市'),
(14, '嘉義縣'),
(15, '台南市'),
(16, '高雄市'),
(17, '屏東縣'),
(18, '澎湖縣'),
(19, '花蓮縣'),
(20, '台東縣'),
(21, '金門縣'),
(22, '連江縣');

-- --------------------------------------------------------

--
-- 資料表結構 `location_distlist`
--

CREATE TABLE `location_distlist` (
  `dist_id` int(11) NOT NULL,
  `dist_name` varchar(255) NOT NULL,
  `city_id` int(11) NOT NULL COMMENT '所在城市id'
) ENGINE=InnoDB DEFAULT CHARSET=utf8;

--
-- 資料表的匯出資料 `location_distlist`
--

INSERT INTO `location_distlist` (`dist_id`, `dist_name`, `city_id`) VALUES
(1, '仁愛區', 1),
(2, '中正區', 1),
(3, '信義區', 1),
(4, '中山區', 1),
(5, '安樂區', 1),
(6, '暖暖區', 1),
(7, '七堵區', 1),
(8, '中正區', 2),
(9, '大同區', 2),
(10, '中山區', 2),
(11, '松山區', 2),
(12, '大安區', 2),
(13, '萬華區', 2),
(14, '信義區', 2),
(15, '士林區', 2),
(16, '北投區', 2),
(17, '內湖區', 2),
(18, '南港區', 2),
(19, '文山區', 2),
(20, '板橋區', 3),
(21, '新莊區', 3),
(22, '中和區', 3),
(23, '永和區', 3),
(24, '土城區', 3),
(25, '樹林區', 3),
(26, '三峽區', 3),
(27, '鶯歌區', 3),
(28, '三重區', 3),
(29, '蘆洲區', 3),
(30, '五股區', 3),
(31, '泰山區', 3),
(32, '林口區', 3),
(33, '八里區', 3),
(34, '淡水區', 3),
(35, '三芝區', 3),
(36, '石門區', 3),
(37, '金山區', 3),
(38, '萬里區', 3),
(39, '汐止區', 3),
(40, '瑞芳區', 3),
(41, '貢寮區', 3),
(42, '平溪區', 3),
(43, '雙溪區', 3),
(44, '新店區', 3),
(45, '深坑區', 3),
(46, '石碇區', 3),
(47, '坪林區', 3),
(48, '烏來區', 3),
(49, '桃園區', 4),
(50, '中壢區', 4),
(51, '平鎮區', 4),
(52, '八德區', 4),
(53, '楊梅區', 4),
(54, '蘆竹區', 4),
(55, '大溪區', 4),
(56, '龍潭區', 4),
(57, '龜山區', 4),
(58, '大園區', 4),
(59, '觀音區', 4),
(60, '新屋區', 4),
(61, '復興區', 4),
(62, '東區', 5),
(63, '北區', 5),
(64, '香山區', 5),
(65, '竹北市', 6),
(66, '竹東鎮', 6),
(67, '新埔鎮', 6),
(68, '關西鎮', 6),
(69, '湖口鄉', 6),
(70, '新豐鄉', 6),
(71, '峨眉鄉', 6),
(72, '寶山鄉', 6),
(73, '北埔鄉', 6),
(74, '芎林鄉', 6),
(75, '橫山鄉', 6),
(76, '尖石鄉', 6),
(77, '五峰鄉', 6),
(78, '宜蘭市', 7),
(79, '頭城鎮', 7),
(80, '礁溪鄉', 7),
(81, '壯圍鄉', 7),
(82, '員山鄉', 7),
(83, '羅東鎮', 7),
(84, '蘇澳鎮', 7),
(85, '五結鄉', 7),
(86, '三星鄉', 7),
(87, '冬山鄉', 7),
(88, '大同鄉', 7),
(89, '南澳鄉', 7),
(90, '苗栗市', 8),
(91, '頭份市', 8),
(92, '竹南鎮', 8),
(93, '後龍鎮', 8),
(94, '通霄鎮', 8),
(95, '苑裡鎮', 8),
(96, '卓蘭鎮', 8),
(97, '造橋鄉', 8),
(98, '西湖鄉', 8),
(99, '頭屋鄉', 8),
(100, '公館鄉', 8),
(101, '銅鑼鄉', 8),
(102, '三義鄉', 8),
(103, '大湖鄉', 8),
(104, '獅潭鄉', 8),
(105, '三灣鄉', 8),
(106, '南庄鄉', 8),
(107, '泰安鄉', 8),
(108, '中區', 9),
(109, '東區', 9),
(110, '南區', 9),
(111, '西區', 9),
(112, '北區', 9),
(113, '北屯區', 9),
(114, '西屯區', 9),
(115, '南屯區', 9),
(116, '太平區', 9),
(117, '大里區', 9),
(118, '霧峰區', 9),
(119, '烏日區', 9),
(120, '豐原區', 9),
(121, '后里區', 9),
(122, '石岡區', 9),
(123, '東勢區', 9),
(124, '新社區', 9),
(125, '潭子區', 9),
(126, '大雅區', 9),
(127, '神岡區', 9),
(128, '大肚區', 9),
(129, '沙鹿區', 9),
(130, '龍井區', 9),
(131, '梧棲區', 9),
(132, '清水區', 9),
(133, '大甲區', 9),
(134, '外埔區', 9),
(135, '大安區', 9),
(136, '和平區', 9),
(137, '彰化市', 10),
(138, '員林市', 10),
(139, '和美鎮', 10),
(140, '鹿港鎮', 10),
(141, '溪湖鎮', 10),
(142, '二林鎮', 10),
(143, '田中鎮', 10),
(144, '北斗鎮', 10),
(145, '花壇鄉', 10),
(146, '芬園鄉', 10),
(147, '大村鄉', 10),
(148, '永靖鄉', 10),
(149, '伸港鄉', 10),
(150, '線西鄉', 10),
(151, '福興鄉', 10),
(152, '秀水鄉', 10),
(153, '埔心鄉', 10),
(154, '埔鹽鄉', 10),
(155, '大城鄉', 10),
(156, '芳苑鄉', 10),
(157, '竹塘鄉', 10),
(158, '社頭鄉', 10),
(159, '二水鄉', 10),
(160, '田尾鄉', 10),
(161, '埤頭鄉', 10),
(162, '溪州鄉', 10),
(163, '南投市', 11),
(164, '埔里鎮', 11),
(165, '草屯鎮', 11),
(166, '竹山鎮', 11),
(167, '集集鎮', 11),
(168, '名間鄉', 11),
(169, '鹿谷鄉', 11),
(170, '中寮鄉', 11),
(171, '魚池鄉', 11),
(172, '國姓鄉', 11),
(173, '水里鄉', 11),
(174, '信義鄉', 11),
(175, '仁愛鄉', 11),
(176, '斗六市', 12),
(177, '斗南鎮', 12),
(178, '林內鄉', 12),
(179, '古坑鄉', 12),
(180, '大埤鄉', 12),
(181, '莿桐鄉', 12),
(182, '虎尾鎮', 12),
(183, '西螺鎮', 12),
(184, '土庫鎮', 12),
(185, '褒忠鄉', 12),
(186, '二崙鄉', 12),
(187, '崙背鄉', 12),
(188, '麥寮鄉', 12),
(189, '臺西鄉', 12),
(190, '東勢鄉', 12),
(191, '北港鎮', 12),
(192, '元長鄉', 12),
(193, '四湖鄉', 12),
(194, '口湖鄉', 12),
(195, '水林鄉', 12),
(196, '東區', 13),
(197, '西區', 13),
(198, '太保市', 14),
(199, '朴子市', 14),
(200, '布袋鎮', 14),
(201, '大林鎮', 14),
(202, '民雄鄉', 14),
(203, '溪口鄉', 14),
(204, '新港鄉', 14),
(205, '六腳鄉', 14),
(206, '東石鄉', 14),
(207, '義竹鄉', 14),
(208, '鹿草鄉', 14),
(209, '水上鄉', 14),
(210, '中埔鄉', 14),
(211, '竹崎鄉', 14),
(212, '梅山鄉', 14),
(213, '番路鄉', 14),
(214, '大埔鄉', 14),
(215, '阿里山鄉', 14),
(216, '西區', 15),
(217, '東區', 15),
(218, '南區', 15),
(219, '北區', 15),
(220, '安平區', 15),
(221, '安南區', 15),
(222, '永康區', 15),
(223, '歸仁區', 15),
(224, '新化區', 15),
(225, '左鎮區', 15),
(226, '玉井區', 15),
(227, '楠西區', 15),
(228, '南化區', 15),
(229, '仁德區', 15),
(230, '關廟區', 15),
(231, '龍崎區', 15),
(232, '官田區', 15),
(233, '麻豆區', 15),
(234, '佳里區', 15),
(235, '西港區', 15),
(236, '七股區', 15),
(237, '將軍區', 15),
(238, '學甲區', 15),
(239, '北門區', 15),
(240, '新營區', 15),
(241, '後壁區', 15),
(242, '白河區', 15),
(243, '東山區', 15),
(244, '六甲區', 15),
(245, '下營區', 15),
(246, '柳營區', 15),
(247, '鹽水區', 15),
(248, '善化區', 15),
(249, '大內區', 15),
(250, '山上區', 15),
(251, '新市區', 15),
(252, '安定區', 15),
(253, '楠梓區', 16),
(254, '左營區', 16),
(255, '鼓山區', 16),
(256, '三民區', 16),
(257, '鹽埕區', 16),
(258, '前金區', 16),
(259, '新興區', 16),
(260, '苓雅區', 16),
(261, '前鎮區', 16),
(262, '旗津區', 16),
(263, '小港區', 16),
(264, '鳳山區', 16),
(265, '大寮區', 16),
(266, '烏松區', 16),
(267, '林園區', 16),
(268, '仁武區', 16),
(269, '大樹區', 16),
(270, '大社區', 16),
(271, '岡山區', 16),
(272, '路竹區', 16),
(273, '橋頭區', 16),
(274, '梓官區', 16),
(275, '彌陀區', 16),
(276, '永安區', 16),
(277, '燕巢區', 16),
(278, '田寮區', 16),
(279, '阿蓮區', 16),
(280, '茄萣區', 16),
(281, '湖內區', 16),
(282, '旗山區', 16),
(283, '美濃區', 16),
(284, '內門區', 16),
(285, '杉林區', 16),
(286, '甲仙區', 16),
(287, '六龜區', 16),
(288, '茂林區', 16),
(289, '桃源區', 16),
(290, '那瑪夏區', 16),
(291, '屏東市', 17),
(292, '潮州鎮', 17),
(293, '東港鎮', 17),
(294, '恆春鎮', 17),
(295, '萬丹鄉', 17),
(296, '崁頂鄉', 17),
(297, '新園鄉', 17),
(298, '林邊鄉', 17),
(299, '南州鄉', 17),
(300, '琉球鄉', 17),
(301, '枋寮鄉', 17),
(302, '枋山鄉', 17),
(303, '車城鄉', 17),
(304, '滿洲鄉', 17),
(305, '高樹鄉', 17),
(306, '九如鄉', 17),
(307, '鹽埔鄉', 17),
(308, '里港鄉', 17),
(309, '內埔鄉', 17),
(310, '竹田鄉', 17),
(311, '長治鄉', 17),
(312, '麟洛鄉', 17),
(313, '萬巒鄉', 17),
(314, '新埤鄉', 17),
(315, '佳冬鄉', 17),
(316, '霧台鄉', 17),
(317, '泰武鄉', 17),
(318, '瑪家鄉', 17),
(319, '來義鄉', 17),
(320, '春日鄉', 17),
(321, '獅子鄉', 17),
(322, '牡丹鄉', 17),
(323, '三地門鄉', 17),
(324, '馬公市', 18),
(325, '湖西鄉', 18),
(326, '白沙鄉', 18),
(327, '西嶼鄉', 18),
(328, '望安鄉', 18),
(329, '七美鄉', 18),
(330, '花蓮市', 19),
(331, '鳳林鎮', 19),
(332, '玉里鎮', 19),
(333, '新城鄉', 19),
(334, '吉安鄉', 19),
(335, '壽豐鄉', 19),
(336, '光復鄉', 19),
(337, '豐濱鄉', 19),
(338, '瑞穗鄉', 19),
(339, '富里鄉', 19),
(340, '秀林鄉', 19),
(341, '萬榮鄉', 19),
(342, '卓溪鄉', 19),
(343, '台東市', 20),
(344, '成功鎮', 20),
(345, '關山鎮', 20),
(346, '長濱鄉', 20),
(347, '池上鄉', 20),
(348, '東河鄉', 20),
(349, '鹿野鄉', 20),
(350, '卑南鄉', 20),
(351, '大武鄉', 20),
(352, '綠島鄉', 20),
(353, '太麻里鄉', 20),
(354, '海端鄉', 20),
(355, '延平鄉', 20),
(356, '金峰鄉', 20),
(357, '達仁鄉', 20),
(358, '蘭嶼鄉', 20),
(359, '金城鎮', 21),
(360, '金湖鎮', 21),
(361, '金沙鎮', 21),
(362, '金寧鄉', 21),
(363, '烈嶼鄉', 21),
(364, '烏坵鄉', 21),
(365, '南竿鄉', 22),
(366, '北竿鄉', 22),
(367, '莒光鄉', 22),
(368, '東引鄉', 22);

-- --------------------------------------------------------

--
-- 資料表結構 `member_level`
--

CREATE TABLE `member_level` (
  `mem_level` int(11) NOT NULL,
  `level_title` varchar(10) NOT NULL
) ENGINE=InnoDB DEFAULT CHARSET=utf8;

--
-- 資料表的匯出資料 `member_level`
--

INSERT INTO `member_level` (`mem_level`, `level_title`) VALUES
(1, '露營新手'),
(2, '業餘露營家'),
(3, '露營達人');

-- --------------------------------------------------------

--
-- 資料表結構 `member_list`
--

CREATE TABLE `member_list` (
  `mem_id` int(11) NOT NULL COMMENT '流水號',
  `mem_account` varchar(255) NOT NULL COMMENT '帳號',
  `mem_password` varchar(255) NOT NULL COMMENT '密碼',
  `mem_avatar` varchar(255) NOT NULL DEFAULT 'avatar_pictures/_default.jpg' COMMENT '大頭貼',
  `mem_name` varchar(255) NOT NULL COMMENT '姓名',
  `mem_nickname` varchar(255) NOT NULL COMMENT '暱稱',
  `mem_gender` varchar(10) NOT NULL COMMENT '性別',
  `mem_birthday` date NOT NULL COMMENT '生日',
  `mem_mobile` varchar(255) NOT NULL COMMENT '手機',
  `mem_email` varchar(255) NOT NULL COMMENT '信箱',
  `mem_address` varchar(255) NOT NULL COMMENT '地址',
  `memLevel_id` int(11) NOT NULL COMMENT '會員等級',
  `mem_intro` varchar(255) DEFAULT NULL COMMENT '自我介紹',
  `mem_status` varchar(255) NOT NULL DEFAULT 'valid' COMMENT '狀態',
  `mem_signUpDate` datetime NOT NULL DEFAULT CURRENT_TIMESTAMP COMMENT '註冊日期'
) ENGINE=InnoDB DEFAULT CHARSET=utf8;

--
-- 資料表的匯出資料 `member_list`
--

INSERT INTO `member_list` (`mem_id`, `mem_account`, `mem_password`, `mem_avatar`, `mem_name`, `mem_nickname`, `mem_gender`, `mem_birthday`, `mem_mobile`, `mem_email`, `mem_address`, `memLevel_id`, `mem_intro`, `mem_status`, `mem_signUpDate`) VALUES
(2, 'testcat', 'admin', 'avatar_pictures/_default.jpg', 'ms cat', 'kitty', 'female', '2019-03-17', '0912345678', 'sammie0804@gms.tku.edu.tw', '224新北市瑞芳區柴寮路225號', 1, NULL, 'valid', '2019-03-18 09:50:43'),
(3, 'testrabbit', 'admin', 'avatar_pictures/_default.jpg', 'mr rabbit', 'bunny', 'male', '2019-02-28', '0912345678', 'sammie0804@gms.tku.edu.tw', '', 0, NULL, 'valid', '2019-03-18 09:50:43'),
(4, 'testbear', 'admin', 'avatar_pictures/_default.jpg', 'mr bear', 'bear papa', 'male', '2018-01-19', '0912345678', 'sammie0804@gms.tku.edu.tw', '', 0, NULL, 'valid', '2019-03-18 10:33:23'),
(6, 'testtiger', 'admin', 'avatar_pictures/_default.jpg', 'mr tiger', 'tiger bro', 'male', '2018-01-01', '0912345678', 'sammie0804@gms.tku.edu.tw', '', 0, NULL, 'valid', '2019-03-18 10:35:18'),
(7, 'testelephant', 'admin', 'avatar_pictures/_default.jpg', 'mr elephant', 'elephant grandpa', 'male', '2018-01-02', '0912345678', 'sammie0804@gms.tku.edu.tw', '', 0, NULL, 'valid', '2019-03-18 10:35:18'),
(8, 'testcow', 'admin', 'avatar_pictures/_default.jpg', 'ms cow', 'cow mama', 'female', '2018-03-01', '0912345678', 'sammie0804@gms.tku.edu.tw', '', 0, NULL, 'valid', '2019-03-18 11:20:06'),
(9, 'testsnake', 'admin', 'avatar_pictures/_default.jpg', 'ms snake', 'snake sis', 'female', '2018-03-02', '0912345678', 'sammie0804@gms.tku.edu.tw', '', 0, NULL, 'valid', '2019-03-18 11:20:37'),
(10, 'testhorse', 'admin', 'avatar_pictures/_default.jpg', 'mr horse', 'ponny', 'male', '2018-05-01', '0912345678', 'sammie0804@gms.tku.edu.tw', '', 0, NULL, 'valid', '2019-03-18 11:23:38'),
(11, 'testsheep', 'admin', 'avatar_pictures/_default.jpg', 'ms sheep', 'mary', 'female', '2018-05-06', '0912345678', 'sammie0804@gms.tku.edu.tw', '', 0, NULL, 'valid', '2019-03-18 11:24:07'),
(12, 'testmonkey', 'admin', 'avatar_pictures/_default.jpg', 'mr monkey', 'wuwu', 'male', '2001-04-18', '0912345678', 'sammie0804@gms.tku.edu.tw', '', 0, NULL, 'valid', '0000-00-00 00:00:00'),
(14, 'testfrog', 'admin', 'avatar_pictures/_default.jpg', 'ms frog', 'queen frog', 'female', '2001-02-28', '0912345678', 'sammie0804@gms.tku.edu.tw', '', 0, NULL, 'valid', '0000-00-00 00:00:00'),
(15, 'testladybug', 'admin', 'avatar_pictures/_default.jpg', 'ms ladybug', 'beauty', 'female', '2001-06-28', '0912345678', 'sammie0804@gms.tku.edu.tw', '', 0, NULL, 'valid', '2019-03-18 11:31:56'),
(16, 'testlion', 'admin', 'avatar_pictures/_default.jpg', 'mr lion', 'knig lion', 'male', '2010-07-06', '0912345678', 'sammie0804@gms.tku.edu.tw', '', 0, NULL, 'valid', '2019-03-18 11:31:56'),
(17, 'testbird', 'admin', '', 'mr bird', 'birdy', 'male', '2003-09-27', '0912345678', 'sammie0804@gms.tku.edu.tw', '', 0, NULL, 'valid', '2019-03-18 11:31:56'),
(97, 'woody', 'admin', '', '胡迪', '', 'male', '0000-00-00', '0911222333', 'sammie0804@gms.tku.edu.tw', '', 0, NULL, 'valid', '2019-03-19 10:26:01'),
(99, 'nemo', 'admin', '', '尼莫', '', 'female', '0000-00-00', '0911222333', 'sammie0804@gms.tku.edu.tw', '', 0, NULL, 'valid', '2019-03-19 10:27:49'),
(100, 'dory', 'admin', '', '多利', '', 'female', '0000-00-00', '0911222333', 'sammie0804@gms.tku.edu.tw', '', 0, NULL, 'valid', '2019-03-19 10:28:11'),
(102, 'marlin', 'admin', '', '馬林', '', 'female', '0000-00-00', '0911111111', 'sammie0804@gms.tku.edu.tw', '', 0, NULL, 'valid', '2019-03-19 10:29:05'),
(103, 'buzz', 'admin', '', '巴斯', '', 'male', '0000-00-00', '0911222333', 'sammie0804@gms.tku.edu.tw', '', 0, NULL, 'valid', '2019-03-19 11:41:53'),
(104, 'tracy', 'admin', '', '翠絲', '', 'male', '0000-00-00', '0911222333', 'sammie0804@gms.tku.edu.tw', '', 0, NULL, 'valid', '2019-03-19 11:42:25'),
(105, 'elsa', 'admin', '', '愛爾莎', '', 'female', '0000-00-00', '0933222111', 'sammie0804@gms.tku.edu.tw', '', 0, NULL, 'valid', '2019-03-19 13:37:57'),
(106, 'anna', 'admin', '', '安娜', '', 'female', '0000-00-00', '0911111111', 'sammie0804@gms.tku.edu.tw', '', 0, NULL, 'valid', '2019-03-19 13:42:32'),
(107, 'olaf', 'admin', '', '雪寶', '', 'male', '0000-00-00', '0911111111', 'sammie0804@gms.tku.edu.tw', '', 0, NULL, 'valid', '2019-03-19 13:45:10'),
(108, 'dumbo', 'admin', '', '小飛象', '', 'male', '0000-00-00', '0911111111', 'sammie0804@gms.tku.edu.tw', '', 0, NULL, 'valid', '2019-03-19 13:45:40'),
(109, 'mcqueen', 'admin', '', '麥昆', '', 'male', '0000-00-00', '0911111111', 'sammie0804@gms.tku.edu.tw', '', 0, NULL, 'valid', '2019-03-19 13:46:38'),
(110, 'lumière', 'admin', 'avatar_pictures/_default.jpg', '路米亞', '', 'male', '0000-00-00', '0911111111', 'sammie0804@gms.tku.edu.tw', '', 0, NULL, 'valid', '2019-03-19 13:47:11'),
(111, 'chip', 'admin', 'avatar_pictures/_default.jpg', '阿齊', '', 'male', '0000-00-00', '0911111111', 'sammie0804@gms.tku.edu.tw', '', 0, NULL, 'valid', '2019-03-19 13:48:25'),
(112, 'belle', 'admin', 'avatar_pictures/_default.jpg', '貝爾', '', 'female', '0000-00-00', '0911111111', 'sammie0804@gms.tku.edu.tw', '', 0, NULL, 'valid', '2019-03-19 13:48:48'),
(113, 'beast', 'admin', 'avatar_pictures/_default.jpg', '野獸', '', 'male', '0000-00-00', '0911111111', 'sammie0804@gms.tku.edu.tw', '', 0, NULL, 'valid', '2019-03-19 13:49:16'),
(114, 'baymax', 'admin', 'avatar_pictures/ac5f99da05795979c8740851f7b9a22161a6aa4d.jpg', '杯麵', '', 'male', '0000-00-00', '0911111111', 'sammie0804@gms.tku.edu.tw', '', 0, NULL, 'valid', '2019-03-19 13:49:57'),
(115, 'wall.e', 'admin', 'avatar_pictures/521f873240adb3a87cea0a0302cd1d895693cc41.jpg', '瓦力', '', 'male', '0000-00-00', '0922222222', 'sammie0804@gms.tku.edu.tw', '', 0, NULL, 'valid', '2019-03-19 13:50:22'),
(137, 'poke_mouse', 'admin', 'avatar_pictures/749db026cae969bf03c4a9954de3bc762937784a.png', '皮卡丘', '', 'male', '0000-00-00', '0911-111-111', 'sammie0804@gms.tku.edu.tw', '', 3, '小智常對我說：「就決定是你了!」', 'valid', '2019-03-20 11:27:58'),
(138, 'poke_turtle', 'admin', 'avatar_pictures/9d1c797807682cc9959bc5f2c64f0a317cde4313.png', '傑尼龜', '', 'male', '0000-00-00', '0911111111', 'sammie0804@gms.tku.edu.tw', '', 2, NULL, 'valid', '2019-03-20 11:28:34'),
(139, 'poke_dragon', 'admin', 'avatar_pictures/fed34de4f1dd7f968f9d56902dd16397b956b531.png', '小火龍', '', 'male', '0000-00-00', '0922222222', 'sammie0804@gms.tku.edu.tw', '', 1, NULL, 'valid', '2019-03-20 13:46:21'),
(140, 'poke_frog', 'admin', 'avatar_pictures/1eef3c4c8ddda2e391fc64dae23f5e1504f54818.png', '妙娃種子', '', 'male', '0000-00-00', '0911111111', 'sammie0804@gms.tku.edu.tw', '', 2, NULL, 'valid', '2019-03-20 15:13:49'),
(141, 'pluto', 'admin', 'avatar_pictures/054e40d9006f6cd8323d23e9fca4ae9dbbb57af2.jpg', '布魯托', '', 'male', '0000-00-00', '0911111111', 'sammie0804@gms.tku.edu.tw', '', 3, NULL, 'valid', '2019-03-20 15:33:56'),
(142, 'sadaharu', 'admin', 'avatar_pictures/47de8a071e2ec39b016ac395186ddbd9462febb0.jpg', '定春', '', 'male', '0000-00-00', '0922222222', 'sammie0804@gms.tku.edu.tw', '', 1, NULL, 'valid', '2019-03-20 15:36:55'),
(146, 'snoopy', 'admin', 'avatar_pictures/2b299bfae4b3abd298e32a4a6f39fb018124a10e.png', '史奴比', '', 'male', '0000-00-00', '0922222222', '', '', 3, NULL, 'valid', '2019-03-20 17:02:13'),
(147, 'totoro', 'admin', 'avatar_pictures/3b7f66c582cd2e0f6ffb3e9b53891c357b8f6870.jpg', '龍貓', '', 'male', '0000-00-00', '0922222222', 'sammie0804@gms.tku.edu.tw', '', 3, NULL, 'valid', '2019-03-20 17:04:29'),
(149, 'linus', 'admin', 'avatar_pictures/aa65c8c215e76156b3543d5e779f1b3a6e6420c7.png', '奈勒斯', '', 'male', '0000-00-00', '0911111111', 'sammie0804@gms.tku.edu.tw', '106台北市大安區復興南路一段390號', 3, NULL, 'valid', '2019-03-20 17:07:41'),
(151, 'peppermint_patty', 'admin', 'avatar_pictures/43bbe548bedcbd4fa302709386931298981d27e9.jpg', '佩蒂', '', 'female', '0000-00-00', '0911111111', 'sammie0804@gms.tku.edu.tw', '', 2, NULL, 'valid', '2019-03-20 18:23:22'),
(156, 'mickey', 'admin', 'avatar_pictures/764eff082badca0af52cc0a39150dd4ff69b1429.jpg', '米奇', '', 'male', '0000-00-00', '0911111111', 'sammie0804@gms.tku.edu.tw', '971花蓮縣新城鄉七星街79巷5號', 1, NULL, 'valid', '2019-03-21 11:27:20'),
(157, 'minions_bob', 'admin', 'avatar_pictures/7931fb51d559933afac9a94aab2bb69515f25884.jpg', '巴柏', '小小兵', 'male', '0000-00-00', '0933333333', 'sammie0804@gms.tku.edu.tw', '106台北市大安區信義路二段194號', 1, NULL, 'valid', '2019-03-26 15:38:45'),
(158, 'minions_kevin', 'admin', 'avatar_pictures/3842d2204bfedd78775ac53d060556bce49e9dbc.jpg', '凱文', '', 'male', '0000-00-00', '0933333333', 'sammie0804@gms.tku.edu.tw', '104台北市中山區民生東路三段67號', 3, NULL, 'valid', '2019-03-26 15:42:14'),
(159, 'minions_stuart', 'admin', 'avatar_pictures/381fad2a5aeb33fc22c6ef10290867d6dddc34fc.jpg', '史都華', '', 'male', '0000-00-00', '0933333333', 'sammie0804@gms.tku.edu.tw', '103台北市大同區民族西路141號', 2, NULL, 'valid', '2019-03-26 15:43:31'),
(171, 'winnie', 'admin', 'avatar_pictures/0a32cf9a444f5180de1493d12508d65c265304d7.jpg', '小熊維尼', '', 'male', '0000-00-00', '0912345678', 'sammie0804@gms.tku.edu.tw', '234新北市永和區中山路一段177號', 1, NULL, 'valid', '2019-03-28 17:07:33'),
(172, 'piglet', 'admin', 'avatar_pictures/35d3f88671dc07d4c87eefa228f546654b518ac9.jpg', '小豬', '', 'male', '0000-00-00', '0912345678', 'sammie0804@gms.tku.edu.tw', '114台北市內湖區舊宗路一段268號', 2, '最喜歡在露營的時候烤豬里肌夾土司', 'valid', '2019-03-28 17:14:18'),
(173, 'eeyore', 'admin', 'avatar_pictures/d64cc02e6a8c8e169b25b051b5397d603da037f9.jpg', '屹耳', '驢子', 'male', '0000-00-00', '0912-345-678', 'sammie0804@gms.tku.edu.tw', '946屏東縣恆春鎮燈塔路90號', 2, NULL, 'valid', '2019-03-28 17:26:13'),
(174, 'tigger', 'admin', 'avatar_pictures/58fcb98f7c56a5a5b40775606e5db641a7672414.jpg', '跳跳虎', '', 'male', '2019-05-02', '0913-245-678', 'sammie0804@gms.tku.edu.tw', '244新北市林口區文化三路一段356號', 3, '最喜歡跳到高海拔的露營地吃豬里肌 XD', 'valid', '2019-04-04 16:05:10'),
(175, 'kakao_ryan', 'admin', 'avatar_pictures/15362d8476a5bebc4d3ee24ff6b90802c783462a.jpg', '萊恩', '', 'male', '0000-00-00', '0912345678', 'sammie0804@gms.tku.edu.tw', '', 3, NULL, 'valid', '2019-04-04 16:05:13'),
(177, 'pumbaa', 'admin', 'avatar_pictures/_default.jpg', '彭彭', '', 'male', '0000-00-00', '0912345678', 'sammie0804@gms.tku.edu.tw', '', 3, NULL, 'valid', '2019-04-04 16:12:15'),
(180, 'simba', 'admin', 'avatar_pictures/_default.jpg', '辛巴', '', 'male', '0000-00-00', '0912345678', 'sammie0804@gms.tku.edu.tw', '', 3, NULL, 'valid', '2019-04-04 16:18:20'),
(181, 'rafiki', 'admin', 'avatar_pictures/_default.jpg', '拉菲其', '', 'male', '0000-00-00', '0912345678', 'sammie0804@gms.tku.edu.tw', '', 3, NULL, 'valid', '2019-04-04 16:18:39'),
(182, 'mufasa', 'admin', 'avatar_pictures/_default.jpg', '木法沙', '', 'male', '0000-00-00', '0912345678', 'sammie0804@gms.tku.edu.tw', '', 3, NULL, 'valid', '2019-04-04 16:20:28'),
(183, 'carl', 'admin', 'avatar_pictures/_default.jpg', '卡爾爺爺', '', 'male', '0000-00-00', '0912345678', 'sammie0804@gms.tku.edu.tw', '', 3, NULL, 'valid', '2019-04-04 16:22:12'),
(184, 'ellie', 'admin', 'avatar_pictures/_default.jpg', '愛莉奶奶', '', 'female', '0000-00-00', '0912345678', 'sammie0804@gms.tku.edu.tw', '', 3, NULL, 'valid', '2019-04-04 16:23:32'),
(185, 'bambi', 'admin', 'avatar_pictures/ec2a9c38-70ee-4041-a987-1c17beb446c2.png', '小鹿斑比', '', 'female', '0000-00-00', '0912-345-678', 'sammie0804@gms.tku.edu.tw', '', 1, NULL, 'valid', '2019-04-04 16:27:23'),
(186, 'sadness', 'admin', 'avatar_pictures/13ef1c2758e034dd005d6ba5d269f700e07b280a.jpg', '憂憂', '', 'female', '0000-00-00', '0977777777', 'sammie0804@gms.tku.edu.tw', '106台北市大安區忠孝東路四段205巷26弄', 2, NULL, 'valid', '2019-04-08 09:22:19'),
(187, 'pompompurin', 'admin', 'avatar_pictures/ef65266143830284ede15888beb086bf613592dc.jpg', '布丁狗', '', 'male', '0000-00-00', '0933333333', 'ppp0416@gmail.com', '104台北市中山區民生東路二段90巷4號', 1, NULL, 'valid', '2019-05-14 10:27:55'),
(188, 'goofy', 'admin', 'avatar_pictures/23293038-439d-49f5-9db3-506b72e28e15.jpg', '高飛', '', '', '0000-00-00', '0946-585-647', 'goofy@gmail.com', '', 1, NULL, 'valid', '2019-05-26 03:13:18'),
(189, 'boo', 'admin', 'avatar_pictures/90ea88ff-f720-473f-b580-d0fc2df54045.jpg', '阿布', '', 'female', '2019-05-15', '0926-188-936', 'boo@gmail.com', '台北市中山區安東街', 1, NULL, 'valid', '2019-05-26 02:12:12'),
(190, 'mulan', 'admin', 'avatar_pictures/_default.jpg', '花木蘭', '小蘭', 'female', '0000-00-00', '0977-485-364', 'mulan@gmail.com', '', 1, NULL, 'valid', '2019-05-26 03:34:28'),
(191, 'timon', 'admin', 'avatar_pictures/fc2a0335-62df-47be-9522-7381840bc26e.png', '丁滿', '', '', '2019-05-02', '0946-586-423', 'timon@gmail.com', '', 1, 'Hakuna Matata 你不必再擔心~', 'valid', '2019-05-26 03:56:28'),
(192, 'lilo', 'admin', 'avatar_pictures/_default.jpg', '莉蘿', '', 'female', '0000-00-00', '0946-565-761', 'lilo@gmail.com', '', 1, '史迪奇的主人', 'valid', '2019-05-26 04:09:39');

-- --------------------------------------------------------

--
-- 資料表結構 `promo_apply`
--

CREATE TABLE `promo_apply` (
  `promo_apply_id` int(11) NOT NULL,
  `promo_type` varchar(255) NOT NULL,
  `apply_date` datetime NOT NULL DEFAULT CURRENT_TIMESTAMP,
  `apply_valid` int(11) NOT NULL DEFAULT '1',
  `camp_id` int(11) NOT NULL
) ENGINE=InnoDB DEFAULT CHARSET=utf8;

--
-- 資料表的匯出資料 `promo_apply`
--

INSERT INTO `promo_apply` (`promo_apply_id`, `promo_type`, `apply_date`, `apply_valid`, `camp_id`) VALUES
(2, 'promo_price', '2019-05-14 16:01:06', 1, 3),
(3, 'promo_user', '2019-05-14 16:01:13', 2, 4),
(6, 'promo_user', '2019-05-14 18:36:47', 1, 11),
(13, 'promo_price', '2019-05-22 10:31:25', 2, 5),
(14, 'promo_user', '2019-05-22 10:31:33', 1, 7),
(15, 'promo_user', '2019-05-22 10:31:35', 1, 10),
(17, 'promo_user', '2019-05-25 14:53:56', 1, 12),
(18, 'promo_user', '2019-05-25 14:54:00', 1, 13),
(19, 'promo_user', '2019-05-25 14:54:07', 1, 14),
(20, 'promo_user', '2019-05-25 14:54:09', 1, 15),
(21, 'promo_user', '2019-05-25 14:54:15', 1, 16),
(22, 'promo_price', '2019-05-25 14:54:21', 1, 17),
(23, 'promo_price', '2019-05-25 14:54:24', 1, 18),
(24, 'promo_price', '2019-05-25 14:54:28', 1, 19),
(25, 'promo_price', '2019-05-25 14:54:30', 1, 20),
(26, 'promo_price', '2019-05-25 14:54:34', 1, 21),
(27, 'promo_price', '2019-05-25 14:54:38', 1, 22),
(28, 'promo_price', '2019-05-25 14:54:44', 1, 23),
(29, 'promo_price', '2019-05-25 14:54:52', 1, 24),
(30, 'promo_price', '2019-05-25 14:54:56', 1, 25),
(31, 'promo_price', '2019-05-25 14:55:00', 1, 26),
(32, 'promo_price', '2019-05-25 14:55:03', 1, 27),
(33, 'promo_price', '2019-05-25 14:55:07', 1, 28),
(34, 'promo_price', '2019-05-25 14:55:12', 1, 29),
(35, 'promo_price', '2019-05-25 14:55:15', 1, 30),
(36, 'promo_price', '2019-05-25 14:55:19', 1, 31),
(37, 'promo_price', '2019-05-25 14:55:23', 1, 32),
(38, 'promo_price', '2019-05-25 14:55:26', 1, 33),
(39, 'promo_campType', '2019-05-25 14:55:30', 1, 34),
(40, 'promo_campType', '2019-05-25 14:55:34', 1, 35),
(41, 'promo_campType', '2019-05-25 14:55:37', 1, 36),
(42, 'promo_campType', '2019-05-25 14:55:41', 1, 37),
(43, 'promo_campType', '2019-05-25 14:55:47', 1, 38),
(44, 'promo_campType', '2019-05-25 14:55:53', 1, 39),
(45, 'promo_campType', '2019-05-25 14:55:56', 1, 40),
(46, 'promo_campType', '2019-05-25 14:56:00', 1, 42),
(47, 'promo_campType', '2019-05-27 14:57:12', 1, 43),
(48, 'promo_campType', '2019-05-27 14:57:12', 1, 44),
(49, 'promo_campType', '2019-05-27 14:57:12', 1, 45),
(50, 'promo_campType', '2019-05-27 14:57:12', 1, 46),
(51, 'promo_campType', '2019-05-27 14:57:12', 1, 47),
(52, 'promo_campType', '2019-05-27 14:57:12', 1, 48),
(53, 'promo_campType', '2019-05-27 14:57:12', 1, 49),
(54, 'promo_campType', '2019-05-27 14:57:12', 1, 50),
(74, 'promo_user', '2019-05-27 17:31:58', 1, 1),
(75, 'promo_campType', '2019-05-27 17:31:58', 1, 2);

-- --------------------------------------------------------

--
-- 資料表結構 `promo_camptype`
--

CREATE TABLE `promo_camptype` (
  `promo_id` int(11) NOT NULL,
  `promo_name` varchar(255) NOT NULL,
  `requirement` varchar(255) NOT NULL,
  `discount_unit` int(11) NOT NULL,
  `discount_type` varchar(255) NOT NULL,
  `start` date NOT NULL,
  `end` date NOT NULL,
  `discription` varchar(255) NOT NULL
) ENGINE=InnoDB DEFAULT CHARSET=utf8;

--
-- 資料表的匯出資料 `promo_camptype`
--

INSERT INTO `promo_camptype` (`promo_id`, `promo_name`, `requirement`, `discount_unit`, `discount_type`, `start`, `end`, `discription`) VALUES
(1, '清涼一夏野放小孩', '親子同樂', 79, 'percentage', '2019-06-07', '2019-07-12', '親子同樂主題營地優惠79折'),
(2, '阿爸釣魚樂', '溪邊釣魚', 75, 'percentage', '2019-06-17', '2019-07-12', '溪邊釣魚主題營地優惠75折'),
(3, '賞螢趣', '賞螢賞花', 8, 'percentage', '2019-05-14', '2019-12-31', '賞螢賞花主題類型營地優惠8折'),
(6, '大樹蔭！遮陽睡好覺！', '森林園區', 9, 'percentage', '2019-06-17', '2019-07-12', '森林園區主題營地優惠9折'),
(7, '高海拔美景', '高海拔營區', 6, 'percentage', '2019-05-14', '2019-12-31', '高海拔主題類型營地優惠6折');

-- --------------------------------------------------------

--
-- 資料表結構 `promo_price`
--

CREATE TABLE `promo_price` (
  `promo_id` int(11) NOT NULL,
  `promo_name` varchar(255) NOT NULL,
  `requirement` int(11) NOT NULL,
  `discount_unit` int(11) NOT NULL,
  `discount_type` varchar(255) NOT NULL,
  `start` date NOT NULL,
  `end` date NOT NULL,
  `discription` varchar(255) NOT NULL
) ENGINE=InnoDB DEFAULT CHARSET=utf8;

--
-- 資料表的匯出資料 `promo_price`
--

INSERT INTO `promo_price` (`promo_id`, `promo_name`, `requirement`, `discount_unit`, `discount_type`, `start`, `end`, `discription`) VALUES
(1, '滿3000打9折', 3000, 9, 'percentage', '2019-05-31', '2019-10-31', '活動期間訂單滿3000現打9折'),
(2, '滿6000打折79', 6000, 79, 'percentage', '2019-05-31', '2019-08-31', '活動期間訂單滿6000即可獲得79折折扣'),
(3, '滿10000打75折', 10000, 75, 'percentage', '2019-05-23', '2019-09-30', '活動期間訂單滿10000即可獲得75折優惠');

-- --------------------------------------------------------

--
-- 資料表結構 `promo_user`
--

CREATE TABLE `promo_user` (
  `promo_id` int(11) NOT NULL,
  `promo_name` varchar(255) NOT NULL,
  `requirement` int(11) NOT NULL,
  `discount_unit` int(11) NOT NULL,
  `discount_type` varchar(255) NOT NULL,
  `start` date NOT NULL,
  `end` date NOT NULL,
  `discription` varchar(255) NOT NULL
) ENGINE=InnoDB DEFAULT CHARSET=utf8;

--
-- 資料表的匯出資料 `promo_user`
--

INSERT INTO `promo_user` (`promo_id`, `promo_name`, `requirement`, `discount_unit`, `discount_type`, `start`, `end`, `discription`) VALUES
(9, '歡迎露營新手', 1, 8, 'percentage', '2019-05-31', '2019-07-22', '歡迎新加入的露營新手會員，期間內預定活動適用營地任一訂單即可獲得8折優惠'),
(22, '業餘露營家', 2, 85, 'percentage', '2019-05-14', '2019-08-31', '業餘露營家會員期間內預定活動適用營地即可獲得85折優惠折扣'),
(24, '露營達人回饋', 3, 79, 'percentage', '2019-05-14', '2019-09-30', '露營達人會員期間內預定活動適用營地即可獲得79折優惠折扣');

-- --------------------------------------------------------

--
-- 資料表結構 `salebrand`
--

CREATE TABLE `salebrand` (
  `salebrand_id` int(11) NOT NULL COMMENT '商品品牌流水號',
  `salebrand_name` varchar(255) NOT NULL COMMENT '商品品牌名稱',
  `salebrand_sort` int(11) NOT NULL COMMENT '商品品牌排序'
) ENGINE=InnoDB DEFAULT CHARSET=utf8;

--
-- 資料表的匯出資料 `salebrand`
--

INSERT INTO `salebrand` (`salebrand_id`, `salebrand_name`, `salebrand_sort`) VALUES
(1, '桂冠', 1),
(2, '紅龍', 2),
(3, '七里香', 3),
(4, '西北', 4);

-- --------------------------------------------------------

--
-- 資料表結構 `salecategory`
--

CREATE TABLE `salecategory` (
  `salecate_id` int(11) NOT NULL COMMENT '商品分類流水號',
  `salecate_name` varchar(255) NOT NULL COMMENT '商品分類名稱',
  `salecate_parentid` int(11) NOT NULL COMMENT '上一層是',
  `salecate_sort` int(11) NOT NULL COMMENT '排序'
) ENGINE=InnoDB DEFAULT CHARSET=utf8 COMMENT='商品分類';

--
-- 資料表的匯出資料 `salecategory`
--

INSERT INTO `salecategory` (`salecate_id`, `salecate_name`, `salecate_parentid`, `salecate_sort`) VALUES
(1, '冷凍食品', 0, 1),
(2, '冷藏食品', 0, 2),
(3, '生鮮食材', 0, 3),
(4, '素料理專區', 0, 4),
(5, '未選擇', 0, 0);

-- --------------------------------------------------------

--
-- 資料表結構 `saleimage`
--

CREATE TABLE `saleimage` (
  `saleimg_id` int(11) NOT NULL COMMENT '圖片流水號',
  `salepage_id` int(11) NOT NULL COMMENT '商品流水號',
  `saleimg_name` varchar(255) NOT NULL COMMENT '圖片名稱',
  `saleimg_file` varchar(255) NOT NULL COMMENT '圖片資料夾',
  `saleimg_path` varchar(1000) NOT NULL COMMENT '圖片路徑'
) ENGINE=InnoDB DEFAULT CHARSET=utf8 COMMENT='商品圖片';

-- --------------------------------------------------------

--
-- 資料表結構 `salepage`
--

CREATE TABLE `salepage` (
  `salepage_id` int(11) NOT NULL COMMENT '商品流水號',
  `salepage_image` varchar(4000) NOT NULL COMMENT '商品圖',
  `salepage_name` varchar(100) NOT NULL COMMENT '產品名稱',
  `salepage_quility` int(11) NOT NULL COMMENT '商品數量',
  `salepage_suggestprice` decimal(10,0) NOT NULL COMMENT '商品建議售價',
  `salepage_price` decimal(10,0) NOT NULL COMMENT '商品售價',
  `salepage_cost` decimal(10,0) NOT NULL COMMENT '商品成本',
  `salepage_state` tinyint(1) NOT NULL COMMENT '顯示設定',
  `salepage_feature` longtext NOT NULL COMMENT '商品特色',
  `salepage_proddetails` longtext NOT NULL COMMENT '詳細說明',
  `salepage_specification` longtext NOT NULL COMMENT '商品規格',
  `salepage_paymenttype` varchar(255) NOT NULL COMMENT '付款方式',
  `salepage_deliverytype` varchar(255) NOT NULL COMMENT '配送方式',
  `salepage_salecateid` int(11) NOT NULL COMMENT '商品分類流水號',
  `salepage_salebrand` varchar(100) NOT NULL COMMENT '商品品牌'
) ENGINE=InnoDB DEFAULT CHARSET=utf8 COMMENT='商品頁';

--
-- 資料表的匯出資料 `salepage`
--

INSERT INTO `salepage` (`salepage_id`, `salepage_image`, `salepage_name`, `salepage_quility`, `salepage_suggestprice`, `salepage_price`, `salepage_cost`, `salepage_state`, `salepage_feature`, `salepage_proddetails`, `salepage_specification`, `salepage_paymenttype`, `salepage_deliverytype`, `salepage_salecateid`, `salepage_salebrand`) VALUES
(153, 'sale_pictures/62893526a2cc61a54b78f351c4e5050f8c30b64b.jpg', '桂冠露營派對料理包(6-9人份)', 0, '0', '1068', '999', 1, '', '', '', '', '', 1, '1'),
(154, 'sale_pictures/a8aee67833c48d568451499901f197313cd229f2.jpg', '小家庭露營派對料理包(2-3人份)', 0, '620', '620', '0', 1, '', '', '', '', '', 2, '1'),
(157, 'sale_pictures/7909effe21bccb87a6aa1d14f00b7de3d3b94d9e.jpg', '七里香經典烤肉組(10人份)', 0, '1860', '1860', '0', 1, '', '', '', '', '', 2, '3'),
(158, 'sale_pictures/cba59770dbb07c7914c36948ed0372625b70e3b5.jpg', '七里香豪華美味烤肉套餐(10人份)', 0, '2180', '2180', '0', 1, '', '', '', '', '', 3, '3'),
(159, 'sale_pictures/ee82f985ab4236bc45fd8da4392256abd16d8307.jpg', '七里香頂級海陸烤肉套餐(10人份)', 0, '3280', '3280', '3280', 1, '', '', '', '', '', 1, '4'),
(160, 'sale_pictures/64543b9bf9387d1d4c6418e3a9eaaeab68617d3b.jpg', '七里香華麗烤肉套餐(10人份)', 0, '3990', '3990', '0', 1, '', '', '', '', '', 1, '4'),
(161, 'sale_pictures/55fc813b4c85a07a088a3d9b67c2ff43c0cad9cb.jpg', '七里香歡樂團聚分享餐(20人份)', 0, '6980', '6980', '0', 1, '', '', '', '', '', 3, '3'),
(162, 'sale_pictures/cca80870253c0ca7fbe2a50399d5ca507cfac3e6.jpg', '七里香中秋愛上豬禮盒', 0, '2380', '2380', '0', 1, '', '', '', '', '', 3, '3');

-- --------------------------------------------------------

--
-- 資料表結構 `share_category`
--

CREATE TABLE `share_category` (
  `cate_id` int(11) NOT NULL,
  `cate_name` varchar(255) NOT NULL,
  `cate_visible` tinyint(1) NOT NULL
) ENGINE=InnoDB DEFAULT CHARSET=utf8;

--
-- 資料表的匯出資料 `share_category`
--

INSERT INTO `share_category` (`cate_id`, `cate_name`, `cate_visible`) VALUES
(1, '露營裝備', 0),
(2, '帳篷選擇', 0),
(3, '天氣對策', 0),
(4, '露營幼幼班', 0),
(5, '露營小遊俠', 0),
(6, '露營老江湖', 0);

-- --------------------------------------------------------

--
-- 資料表結構 `share_post`
--

CREATE TABLE `share_post` (
  `post_id` int(11) NOT NULL,
  `mem_id` int(11) DEFAULT NULL,
  `mem_nickname` varchar(255) DEFAULT NULL,
  `post_cate` varchar(255) DEFAULT NULL,
  `theme_cate` varchar(20) DEFAULT NULL,
  `post_title` varchar(255) DEFAULT NULL,
  `post_time` datetime DEFAULT NULL,
  `post_editTime` datetime DEFAULT NULL,
  `post_content` longtext,
  `browse_num` int(11) DEFAULT '0',
  `share_num` int(11) DEFAULT NULL,
  `cmt_num` int(11) DEFAULT NULL,
  `post_visible` varchar(255) DEFAULT NULL
) ENGINE=InnoDB DEFAULT CHARSET=utf8;

--
-- 資料表的匯出資料 `share_post`
--

INSERT INTO `share_post` (`post_id`, `mem_id`, `mem_nickname`, `post_cate`, `theme_cate`, `post_title`, `post_time`, `post_editTime`, `post_content`, `browse_num`, `share_num`, `cmt_num`, `post_visible`) VALUES
(104, NULL, NULL, '3', '', '抗返潮的搭帳篷的六個步驟', '2019-03-21 07:25:14', NULL, '<p><img src=\"/ckfinder/userfiles/files/ca50576fc3b72f2b2a93d58b797432a322167c34.jpg\" style=\"height:565px; width:880px\" /></p>\r\n\r\n<p>返潮是露營的正常過程，會形成返潮出現，與搭設的溫度、濕度、風向、帳內的人數、熱源（暖爐）、通風條件環環相扣，除非是高科技的帳布，否則幾乎没有一頂帳篷可以百分之百杜絕返潮。因此抗返潮搭帳篷的六步驟在此好好跟大家說明…</p>\r\n\r\n<h3>一、掌握氣候條件</h3>\r\n\r\n<p>搭設帳篷前要觀察天候並調查氣象水文資料，了解所在地的天氣預報與當地風向，搭設地的低溫緣與抗風處的確實區域。請留意溪邊、崖邊、湖邊、風口處，了解夜晚時低溫處與風向來源，再決定搭設位置。</p>\r\n\r\n<h3>二、了解搭設地面</h3>\r\n\r\n<p>常見的地面有一般泥地、碎石、草地、水泥、木棧板。返潮最容易出現於泥地與草地，再來是碎石，因地下濕氣最直接的回饋上升到地面。</p>\r\n\r\n<h3>三、做好防水工作</h3>\r\n\r\n<p>要百分之百的防水，可用廣告帆布或露營專用地席，保護帳篷底部隔絕地下濕氣上升，提供防水功能。</p>\r\n\r\n<h3>四、舖設帳底隔絕層</h3>\r\n\r\n<p>帳內鋪設鋁箔睡墊、巧拼地墊、瑜珈墊等第二層隔絕層，儘量讓冷地氣不要上竄到帳底。這樣睡覺時，身體散發溫度不會直接被地上吸走，隔絕溫差。</p>\r\n\r\n<h3>五、增加帳外阻擋層</h3>\r\n\r\n<p>帳篷上面再搭一塊天幕或小外帳當第二外帳（屋頂），帳篷與天幕不可相疊一起。天幕最好採包覆式、落地式，預留空氣流通層，可減少五成反應在帳篷外帳上的返潮現象。</p>\r\n\r\n<h3>六、確實做好透氣與對流</h3>\r\n\r\n<p>夜間睡覺前，留意風向與注意對流現象適度開窗並調整天幕下降抵擋受風處。注意空氣要有流動空間，讓溫暖空氣來不及凝結即被對流給帶走，尤其室內帳不可緊閉。</p>\r\n', 4, NULL, NULL, '顯示'),
(105, NULL, NULL, '1', '', '第一次露營要準備什麼？', '2019-03-21 07:41:01', NULL, '<p><img src=\"/ckfinder/userfiles/files/ba017fb65b1d30adfde61ab8c0dcc2f3ff916b3b.jpg\" style=\"height:2979px; width:1986px\" /></p>\r\n\r\n<p>在露營界稱第一次露營叫做「初露」，這是很多人想做、卻又不知道該如何跨出的第一步，其實這一點也不困難，從『衣』的層面可分為兩個部分，穿著與睡眠的準備事項，給準備初露的好野朋友們參考，讓你一出手就像高手！</p>\r\n\r\n<h3><strong>穿著準備</strong></h3>\r\n\r\n<p>穿著部分，就算是夏天在山上露營，可能會涼爽到讓人感冒。所以不管夏、冬季，外套都是露營的重點，要保暖、輕薄、防水。盡量穿著長褲避免蚊蟲叮咬。到高山營地有日夜溫差，建議採用洋蔥式穿衣法，一件件穿脫，方便又不怕著涼。若帶孩子露營，務必多準備一套換洗的衣服，避免玩耍後無衣可換。</p>\r\n\r\n<h3><strong>睡眠準備</strong></h3>\r\n\r\n<p>帳篷搭好，睡眠部分要鋪床，最底層可以先鋪一般大賣場有售的鋁箔防水墊，隔絕地氣與人體直接接觸，是避免越睡越冷的關鍵，初露朋友用巧拼地墊或瑜珈墊代替也行。鋪床一般會上個睡墊，可使用充氣床來增進睡眠品質。初露的朋友可用舊棉被或是舊毯子來當作鋪床使用。<br />\r\n<br />\r\n再來是睡覺的好朋友：睡袋。睡袋分很多種款式形式，價格從數百元到數萬元不等，一分錢一分貨，要自己多看多比較。没有睡袋，拿家裡棉被也可以。枕頭一樣可用家裡的、或買充氣枕。<br />\r\n<br />\r\n盥洗部分，合格營地衛浴設備都有一定水準，没有乾濕分離也會有獨立衛浴，熱水與水壓一定要充足，才是營地好壞的關鍵，浴室多半是淋浴間，多人同時使用難免水壓不穩或忽冷忽熱，強烈建議帶個RV水桶緩衝汲水。浴室是公共使用，公德心很重要；還有時間掌握，建議有小朋友的家長在5~6點讓他們先洗澡，大人的時間就很寬鬆了。</p>\r\n', 5, NULL, NULL, '顯示'),
(106, NULL, NULL, '1', '', '睡袋有哪些類型？', '2019-03-21 07:51:11', NULL, '<p><img src=\"/ckfinder/userfiles/files/0127077711a24e7532275b0fb56416d813333106.jpg\" style=\"height:700px; width:1051px\" /></p>\r\n\r\n<p>想在戶外一夜好眠，除非是帶了自己家裡的寢具棉被，否則就得準備睡袋。由於是在戶外使用，睡袋的選擇，就必須依照交通工具、使用的環境、個人耐寒的狀況來挑選，從輕便度、溫暖指數、布料舒適與收納等方面來考量。</p>\r\n\r\n<h3>樣式與溫度要求</h3>\r\n\r\n<p>睡袋的重要功能是保暖，避免使用者在戶外失溫而影響睡眠或進而危及生命。袋內的溫度是會隨著「絕緣材質」、「填充物的厚密度」、「尺寸或型式」而有所不同的保暖效果。從睡袋的樣式來説，因為使用環境對溫度的要求不同，便發展了以下三種不同形式：</p>\r\n\r\n<h3>一、圓錐型或俗稱木乃伊型睡袋</h3>\r\n\r\n<p>依照人體型態剪裁，讓睡袋與身體的空隙愈小，有效阻隔冷空氣灌入睡袋，避免快速流失體溫。大多是用在登高攀岩者所使用，特別是没有搭設帳篷遮蔽時，在戶外更需要有效地保溫。</p>\r\n\r\n<h3>二、信封型睡袋</h3>\r\n\r\n<p>這種長方形睡袋就像是信封，還可以兩個睡袋拼接，兩人共眠，相互取暖。由於袋內空間較大，睡眠時的舒適度較好，大多用在休閒的露營或野外活動。此款睡袋較易有空氣竄入，溫度容易流失，通常在平地或溫度較高的戶外使用。</p>\r\n\r\n<h3>三、其他特殊造型</h3>\r\n\r\n<p>為了適應不同的時機、環境和使用者的不同需求，將圓錐型和信封型合成的蛋形或橢圓形睡袋；有附厚實帽兜的機能型睡袋；或提供多功能使用的人形睡袋，可穿戴當禦寒衣，也可當睡袋使用等等。</p>\r\n', 9, NULL, NULL, '顯示'),
(107, NULL, NULL, '2', '', '帳篷如何保養及清潔？', '2019-03-21 08:50:39', NULL, '<p><img src=\"/ckfinder/userfiles/files/95487376810f26f984288e2bcd517c1c8bbe8763.jpg\" style=\"height:700px; width:1050px\" /></p>\r\n\r\n<h3><strong>寶貝你的野外愛巢 淺談帳篷保養法</strong></h3>\r\n\r\n<p>帳篷保養跟清潔，首先是一定要有的正確清潔觀念：很多露友對於帳篷相當的呵護與照顧，但是往往忘記了帳布不是汽車鈑金，千萬不可以使用清潔劑於帳布上做清潔，因為這會破壞帳布上的防水以及抗UV塗層。該怎麼做？柔軟的濕布搭配雙手輕輕的擦拭就是最正確方法了。</p>\r\n\r\n<h3><strong>保養帳篷聖品 晨露小雨珠</strong></h3>\r\n\r\n<p>早上起床看見帳篷上灑下陽光、帳布上佈滿晨露小雨珠，那可是保養帳篷聖品，千萬別浪費。為什麼呢？其實早上起床筋骨不靈活，拿起抹布來回輕輕擦拭帳布，藉機運動運動又可舒展筋骨，擦拭過程可以把粉塵、灰塵、水氣等有效清潔，還可以增加收帳的速度，特別是有要趕下一個行程的露友很適用。</p>\r\n\r\n<p><strong>擦拭同時一邊細部檢視</strong></p>\r\n\r\n<p>一邊擦拭，一邊剛好可以對自己的帳篷有細部的檢視機會，發現問題馬上處理！<br />\r\n運動、清潔、保養、檢查一次到位，所以晨間的小露水正好是帳篷保養聖品，真是不錯呢！</p>\r\n\r\n<h3><strong>擦拭清潔劑您用的正確嗎？</strong></h3>\r\n\r\n<p>但若遇到鳥糞或果實打落、甚至是樹汁等異物襲擊那該怎麼辦呢？這時可以使用中性的洗碗精稀釋後，針對受汙區域均勻噴灑，輕輕拍動搓揉，再用濕抹布擦拭乾淨，一定要多擦拭幾遍，完全將洗碗精擦掉不殘留喔！要注意，如果有銀膠塗層的帳篷，請先測試你用的中性洗碗精是否有造成脫落可能，避免因小失大。經過這樣處理，如果還是有汙漬真的擦不掉也就別太勉強了，最後拿帳篷保養噴劑噴一噴，以加強帳篷的塗層。</p>\r\n\r\n<h3><strong>拉鏈開合不順暢 務必即時處理</strong></h3>\r\n\r\n<p>帳篷內部的保養，其實大多和一般清潔一樣，也没有太多不同，但是幾個小叮嚀：如果有拉鏈開合不順暢，千萬不要讓它惡化下去，避免一失手成千古恨。平日可以用蠟燭將拉鍊做保養，在營地緊急處理時，用露營薰香蠟燭或是少量食用油來替代也行。</p>\r\n\r\n<h3><strong>有什麼工具可以維修鍊頭？</strong></h3>\r\n\r\n<p>當你發現拉鍊頭有時在壓合活動處有明顯開合，記得拿老虎鉗趕緊壓回。如果没有鉗子，拿兩個十元硬幣壓住、並找男生手勁較強壓壓看，力量不夠配合營槌輕敲試試，若還是不行就小心使用拉鍊等回家處理吧！</p>\r\n\r\n<h3><strong>油煙問題 預防勝於治療</strong></h3>\r\n\r\n<p>還有一個帳內常見問題，就是油煙，在營地常常一家烤肉萬家香，烤個香腸，香氣四溢，實在令人口水直流，但是油煙問題，可是會造成帳布沾黏，所以預防勝於治療，烤肉爐還是移到帳外，另外配合風扇讓空氣流動，別讓客廳帳內中央成為你的油煙聚集處喔！</p>\r\n', 15, NULL, NULL, '顯示'),
(108, NULL, NULL, '1', '', '睡袋保暖選擇重點整理', '2019-03-21 08:54:14', '2019-03-21 09:06:34', '<p><img src=\"/ckfinder/userfiles/files/626e4cc6be200579023b435472ee6f31a1fe751f.jpg\" style=\"height:700px; width:1050px\" /></p>\r\n\r\n<p>同一款睡袋，有人睡了嫌太熱、有人睡了覺得不夠暖，這取決於每個人對溫度感受不同。因此，購買睡袋必須依照每個人的體質與用法來選擇，没有一定標準；再者，睡袋的保暖功效與每個人使用情況息息相關：<br />\r\n1. 帳篷內是否有隔絕地面寒氣的防潮地墊<br />\r\n2. 穿著衣物的厚薄多寡<br />\r\n3. 胖瘦身材<br />\r\n4. 本身的生理代謝狀態<br />\r\n5. 飲食熱量的攝取</p>\r\n\r\n<h3>看懂睡袋溫標籤</h3>\r\n\r\n<p>任何一種睡袋上都有一個使用適宜的溫度範圍，也就是溫標（參見附圖）。一般溫標由三種資料組成：<br />\r\n●最低溫度 該睡袋使用的最低極限溫度，低於此溫度時對使用者來説是危險的。<br />\r\n●中間溫度 使用者感到最舒適的理想溫度。<br />\r\n●最高溫度 使用範圍的上限，高於此溫度，使用者會覺得熱到難以忍受。<br />\r\n看懂溫度標示之後，還要知道睡袋針對亞洲人使用適宜於春夏秋三季，歐美原產的睡袋在溫標上對亞洲人不太適合，亞洲人對歐美睡袋的溫標應加上5~10度，因為亞洲人的耐寒程度相對較低，所以在選購上要特別注意。</p>\r\n\r\n<h3>如何發揮睡袋保暖功效</h3>\r\n\r\n<p>麼在戶外露營時，怎樣才能睡得更暖和些呢？首先必須了解，在使用睡袋上，有許多外在因素影響睡袋的性能，睡袋本身並不會發熱，它只是有效地將體溫流失減低，下面的建議可以讓你睡得更暖些：<br />\r\n一、營地的選擇 不要選在谷底露營，那是冷空氣聚集的地方，也要盡量選擇避開承受強風的山脊或山凹處。<br />\r\n二、鋪上防潮墊 可以有效地隔絕睡袋與冰冷潮濕地面分開。保持睡袋乾爽，睡袋吸收的水分並非來自外界，而是人體，即使在極為寒冷的情況下，人體在睡眠時仍會排出起碼約一小杯水的水分。<br />\r\n三、多穿衣服 穿一些鬆軟的衣物可兼作加厚睡衣用，將人體與睡袋中間的空隙填滿，使睡袋的保暖性加強。<br />\r\n四、睡前熱身 人體就是睡袋的熱量來源，如果臨睡前可以喝杯熱飲，或做些熱身運動，可將體溫略微提高並有助於睡袋變暖的時間。<br />\r\n<br />\r\n睡袋種類很多，但在選擇睡袋時和戶外露營用品一樣，最貴不一定最好，只有真正適合你和家人所從事的戶外活動使用，才是最好的溫暖好窩。</p>\r\n', 0, NULL, NULL, '顯示'),
(109, NULL, NULL, '2', '', '我應該要買哪種帳篷呢?', '2019-03-21 09:11:54', '2019-03-21 09:55:15', '<p><img src=\"/ckfinder/userfiles/files/cb6387bad246e262e5063c2f7cb692987fcefb01.jpg\" style=\"height:592px; width:802px\" /></p>\r\n\r\n<p><strong>【帳篷】</strong></p>\r\n\r\n<p>市面上的帳篷種類多元，形式、特色、價格也都不同，除了常見的穿骨式蒙古包帳外，現在還有隧道帳、快搭帳、印第安帳等多種類型的帳篷，價格也從大賣場的3000元到十幾萬元都有。</p>\r\n\r\n<p><strong>※入門者建議</strong></p>\r\n\r\n<p>新手建議可以從大賣場或露營用品店先入手有內外帳設計的蒙古包帳，需注意帳篷空間大小，如6人帳建議睡4人最為舒適、4人帳則是睡2人較為剛好。如果不想購買，則可以到有租借裝備的戶外用品店借用，不過費用不見得會比較划算，但對純體驗的朋友來說的確不失為一個保險的做法，或者就是跟一些老手借用。</p>\r\n\r\n<p><strong>※進階需求建議</strong><strong> </strong></p>\r\n\r\n<p>評估自身需求，再來挑選適合場地和季節天氣的帳篷，值得注意的是，每個國家對帳篷的設計基本上都是按照該國的天氣環境來設計，因此是否完全適用台灣的環境也要多加評估並加以補強。</p>\r\n\r\n<p> </p>\r\n\r\n<p> </p>\r\n\r\n<p><img src=\"/ckfinder/userfiles/files/6faef686066f3663e6e3671b0e25e53e907e9d77.jpg\" style=\"height:661px; width:802px\" /></p>\r\n\r\n<p><strong>【天幕帳】</strong></p>\r\n\r\n<p>天幕帳的主要用途在於提供帳篷之外一處炊事及活動的空間，能夠遮陽和避雨，但因為仍屬開放式的空間，所以碰到方向不定的風雨時仍會有淋濕的可能。但露友前輩如朱雀和老蟑等將天幕加以變化和改良，可以發揮更高效率的遮蔽性。</p>\r\n\r\n<p><strong>※入門者建議</strong><strong> </strong></p>\r\n\r\n<p>目前市面上的天幕帳尺寸很多，有300X300公分、450X600公分，還有450X700甚至是500X800公分的大天幕。如果新手需要，建議從小尺寸的天幕入手即可，至於要選方形或蝶形天幕則依自己喜好來挑選。國產品牌的天幕大多有銀膠塗層，遮光性效果好、國外品牌的天幕則多沒有銀膠，遮光性自然較弱；另外需注意，防水係數（耐水壓）越高，防水效果也越好。如果新手不想花太多錢，300元的帶孔帆布也很好用。</p>\r\n\r\n<p><strong>※進階需求建議</strong> </p>\r\n\r\n<p>天幕帳的好處是輕量和方便攜帶，到了進階需求建議，天幕的角色往往和客廳帳搭配使用，因此把天幕當成客廳的延伸也是一種搭設的考量。至於選購的考慮仍以防水性及尺寸為優先關鍵。</p>\r\n\r\n<p> </p>\r\n\r\n<p> </p>\r\n\r\n<p><img src=\"/ckfinder/userfiles/files/35a3b6c9ea638fc99530124a404be9edc086ac64.jpg\" style=\"height:592px; width:802px\" /></p>\r\n\r\n<p><strong>【客廰帳（炊事帳）】</strong></p>\r\n\r\n<p>顧名思義，客廰帳就是另外搭設一處空間做為客廳使用，炊事或用餐都可以在其中進行，同樣具有遮風蔽雨和遮陽的效果。聽起來和天幕的效果雷同，但差別是客廳帳只要搭配邊布使用就可以完全封閉，雨大時可以擋雨，邊布的紗網還有防蚊防蟲的效果。</p>\r\n\r\n<p><strong>※入門者建議</strong> </p>\r\n\r\n<p>目前主流的客廳帳尺寸大約都是300X300公分為主，大概分為四腳式（例如環球或速可搭）及全圍式（例如SP、COLEMAN或LOGOS）兩大類。四腳式收納體積大、較佔空間且重量驚人，但整體結構和支撐性更為堅固。全圍式收納體積較小、重量也較輕，結構性也足以應付一般的天氣變化。一般來說，台灣品牌的客廳帳骨架都有終身維修的服務，購買維修據點較近的品牌也是一種考量。至於新手則可考慮先不要購買，與朋友共用客廳帳或是使用小天幕即可。</p>\r\n\r\n<p><strong>※進階需求建議</strong><strong> </strong></p>\r\n\r\n<p>客廳帳要發揮最大的功效就是要搭配邊布，才能達到冬天禦寒、夏天防蚊的效果，真正有露營的興趣時，建議先考量車輛的空間再來考慮選擇適合的客廳帳。</p>\r\n\r\n<p> </p>\r\n\r\n<p> </p>\r\n\r\n<p><img src=\"/ckfinder/userfiles/files/be7ce055ec7c6e77485a9ce81ac3bd555f9fb9cf.jpg\" style=\"height:811px; width:564px\" /></p>\r\n\r\n<p><strong>【地布】</strong></p>\r\n\r\n<p>一般的帳篷都會附上一塊地布，用來鋪設在底部隔絕帳篷與地面的直接接觸，一來可以減少潮濕，再者也可以保護帳底的磨損。如果帳篷有附送，就用帳篷的地布即可，若是沒有，則可以考慮使用帆布來替代，或者可以到布行去剪一塊符合大小的防水布來使用會較為美觀。</p>\r\n\r\n<p> </p>\r\n\r\n<p> </p>\r\n\r\n<p><img src=\"/ckfinder/userfiles/files/d4889f1e47a509a597a7aee5d652e4fb53909c9d.jpg\" style=\"height:811px; width:564px\" /></p>\r\n\r\n<p><strong>【充氣睡墊】</strong></p>\r\n\r\n<p>這個裝備直接影響到睡眠的品質，因為營地的地面狀況不一，也許是草地、也許有碎石，就算先鋪上一層防潮墊仍會明顯感受到地面的不平整狀況，因此充氣睡墊就顯得格外重要。</p>\r\n\r\n<p><strong>※入門者建議</strong> </p>\r\n\r\n<p>新手若是不考慮直接入手，可以家中的厚毯先代替，夏天怕熱則可以使用泡棉地墊代替。</p>\r\n\r\n<p><strong>※進階需求建議</strong><strong> </strong></p>\r\n\r\n<p>一般在挑選充氣睡墊時，厚度至少要達到5公分以上會較為舒適，現在則是流行充氣式的獨立桶充氣床，舒適程度更上一層樓，但費用也是往上一個級距。</p>\r\n\r\n<p><strong>TIP</strong></p>\r\n\r\n<p>如果睡不習慣充氣睡墊的表面布料，可以帶一件床罩罩在上面，睡起來會更舒適一些。</p>\r\n', 16, NULL, NULL, '顯示'),
(110, NULL, NULL, '1', '', '這些東西，一定要帶！！！', '2019-03-21 09:23:30', NULL, '<p>新手要準備裝備的原則其實很簡單，那就是「家裡能用的就用、能借的就不要買」。一開始就澆熄你想要購買裝備的慾望，其實真的只是希望你先體驗露營並了解露營，在經過一次、兩次之後，<strong>評估自己真的喜歡露營且願意花錢投資裝備時，再來考量進階和升級</strong>。所以，不要一開始就先衝動購買喔！</p>\r\n\r\n<p>出門露營要準備的東西很多，主要目的是可以提高露營的舒適度和方便性。基本的露營裝備，包含帳篷類、工具類、寢具類、煮食類、燈具類，其他還有桌椅、衣物、個人盥洗用品、食材等。不過露得越久、裝備也會越來越簡化和輕量化，畢竟<strong>花在裝備上的時間越多，享受自然風景的時間就越少</strong>。接下來我們會依逐項說明露營裝備前期及後期的準備與選擇。</p>\r\n\r\n<p><img src=\"/ckfinder/userfiles/files/0de67f551222c2b74c2834c40c88bc6258723626.jpg\" style=\"height:661px; width:802px\" /></p>\r\n\r\n<p><strong>【營鎚、營釘、營繩、營柱等工具】</strong></p>\r\n\r\n<p>好用的搭營工具可以事半功倍，特別是營鎚和營釘更是有著直接的影響，除了可以節省力氣之外，也會關係到紮營的安全性。</p>\r\n\r\n<p><strong>※入門者建議</strong> </p>\r\n\r\n<p>剛開始可以使用一般的鎚子搭配帳篷附的營釘、營繩和營柱來使用。 </p>\r\n\r\n<p><strong>※進階需求建議</strong><strong> </strong></p>\r\n\r\n<p>未來可以考慮入手一把專用的營鎚，市面上有賣銅頭營鎚，吸震設計讓敲打營釘更順手省力。至於營釘則建議至少要升級到大黑釘的等級（長約15公分、直徑約1公分），在抓地力上會比原廠送的細營釘更強。當然預算許可的話，30分公長的鍛造營釘效果更佳。</p>\r\n\r\n<p> </p>\r\n\r\n<p> </p>\r\n\r\n<p><img src=\"/ckfinder/userfiles/files/f861ff064b2a77d72f2427c607b1b1d95e3dff3f.jpg\" style=\"height:661px; width:802px\" /></p>\r\n\r\n<p><strong>【爐具】</strong></p>\r\n\r\n<p>露營的戶外炊煮大多仰賴行動式的火源來處理，包括常見的卡式爐、登山爐（蜘蛛爐）等，都是露營常用的火源。如果要講究火力，更費事一點的還有人是使用燃燒器、雙口爐甚至是快速爐等，不過相對地所佔的體積和重量也很驚人。</p>\r\n\r\n<p><strong>※入門者建議</strong> </p>\r\n\r\n<p>建議新手可以先使用一般的卡式瓦斯爐，搭配瓦斯罐在低海拔地區都可以方便炊煮或燒水。但是到了高海拔地區或是溫度較低的環境，瓦斯罐的液態瓦斯會因為低溫而無法順利汽化燃燒，因而導致火力明顯不足，影響炊事效率。</p>\r\n\r\n<p><strong>※進階需求建議</strong> </p>\r\n\r\n<p>等到決定要常露的時候，就可以考慮購入配有防風片及導熱片的專用卡式爐，可以輕鬆應付高海拔低溫的環境；體積小好收納的登山爐則是比較適合登山健行時使用。</p>\r\n\r\n<p> </p>\r\n\r\n<p><strong>【鍋具】</strong></p>\r\n\r\n<p>露營常用的鍋具大多以湯鍋和平底鍋為主，前者用於煮麵、煮火鍋等應用，平底鍋則是可以解決大部份的煎炒類料理。理論上只要有這兩鍋在手，戶外料理大多可以簡單搞定。</p>\r\n\r\n<p><strong>※入門者建議</strong><strong> </strong></p>\r\n\r\n<p>其實家裡的不鏽鋼湯鍋及常用的平底鍋都可以考慮先帶出來用，就已然足以應付戶外的炊煮項目。其中比較麻煩的是平底鍋的鍋柄較長，在收納時多少會是個問題。</p>\r\n\r\n<p><strong>※進階需求建議</strong> </p>\r\n\r\n<p>未來可以評估是不是要入手不鏽鋼的套鍋組，考慮到收納方便，鍋把和鍋身通常是設計為可拆卸式，兼顧煮食與收納的不同狀況。</p>\r\n\r\n<p> </p>\r\n\r\n<p> </p>\r\n\r\n<p><img src=\"/ckfinder/userfiles/files/4da2e4d711b9a48960dd1035ea5fa5ecf8b81b1e.jpg\" style=\"height:811px; width:564px\" /></p>\r\n\r\n<p><strong>【餐具】</strong></p>\r\n\r\n<p>一般露營常用的餐具都要講求輕量化和方便性，當然耐用度也很重要，市面上常見的材質多以不鏽鋼或是鋁合金硬質氧化材質為主，但隨著露營品味的提升，不少露友也開始使用木質餐具，輕量美觀又有氣氛。不建議使用免洗餐具，以免增加不必要的垃圾。</p>\r\n\r\n<p><strong>※入門者建議</strong> </p>\r\n\r\n<p>新手可以先將家裡的餐具帶出門使用，建議攜帶耐熱型的塑料碗盤，可減少重量並避免破裂。</p>\r\n\r\n<p><strong>※進階需求建議</strong><strong> </strong></p>\r\n\r\n<p>至於之後要不要更換成不鏽鋼或是鋁合金硬質氧化材質的套碗組則是見仁見智，我自己之前也是使用套碗，但覺得金屬碗筷互相摩擦的聲音非常可怕，所以現在都改為使用木質餐具居多。</p>\r\n\r\n<p> </p>\r\n\r\n<p> </p>\r\n\r\n<p><img src=\"/ckfinder/userfiles/files/98768bc3270f26e3e606d7d8df8571420185b09d.jpg\" style=\"height:811px; width:564px\" /></p>\r\n\r\n<p><strong>【燈具】</strong></p>\r\n\r\n<p>現在的露營區大多有提供電源，讓露友們可以進行燈光的補強及手機充電使用，在有電可用的狀況下，大多數露友會使用插電型的光源，如工作燈搭配防蚊燈泡；若是在無電區則多會使用電池式的LED營燈或是瓦斯燈來解決照明的需求。</p>\r\n\r\n<p><strong>※入門者建議</strong><strong> </strong></p>\r\n\r\n<p>新手可以到五金行購買一般的工作燈來使用，價格不貴，再視狀況更換為防蟲燈泡，雖然亮度較弱，但可有效地減少昆蟲類的趨光性。</p>\r\n\r\n<p><strong>※進階需求建議</strong> </p>\r\n\r\n<p>LED燈和瓦斯燈雖然定位為無電區使用，但因為造型特別且具美感和氣氛，可以做為照明及營造氣氛兩者兼具的好用裝備。需要特別注意的是瓦斯燈或煤油燈等明火燈具絕對不能帶進帳篷內，以免發生危險。</p>\r\n\r\n<p> </p>\r\n\r\n<p> </p>\r\n\r\n<p><img src=\"/ckfinder/userfiles/files/2c189f33427c1a72a29bb7c985c9541966157759.jpg\" style=\"height:661px; width:802px\" /></p>\r\n\r\n<p><strong>【桌子】</strong></p>\r\n\r\n<p>露營的桌子扮演了露營活動的重要角色，因為舉凡炊事、用餐都少不了桌子，更別說是進行一些DIY的活動，更是無桌不行。桌子的形式和用途很多種，露友們可以用一張桌子搞定所有需求；也有露友則是照用途分為炊事桌、用餐桌及置物桌等，都可以照個人需求來調整。</p>\r\n\r\n<p><strong>※入門者建議 </strong></p>\r\n\r\n<p>如果是第一次出門的新手，建議從家中攜帶小型的折疊桌先暫用即可。</p>\r\n\r\n<p><strong>※進階需求建議</strong> </p>\r\n\r\n<p>若需購買，則要評估常用桌類的特性，如蛋捲桌收納方便、體積小，一般使用都沒問題，但不建議置放過重物品於桌面上；折疊桌的穩定性較高，但是體積較大，若是車輛空間不大就會比較傷腦筋。</p>\r\n\r\n<p> </p>\r\n\r\n<p> </p>\r\n\r\n<p><img src=\"/ckfinder/userfiles/files/02f0683bcfd6e124d1545929737643a2999cb7ea.jpg\" style=\"height:811px; width:564px\" /></p>\r\n\r\n<p><strong>【椅子】</strong></p>\r\n\r\n<p>從事戶外露營活動，除了睡覺時會待在帳篷裡較長時間外，其他多餘時間都是在客廳活動空間為主，因此一張好坐的椅子會影響露營活動的舒適和品質。市面上的露營椅種類琳瑯滿目、各有特色，沒有哪種椅子是王道，單純看自己坐得舒不舒適和需求來決定即可。</p>\r\n\r\n<p><strong>※入門者建議</strong></p>\r\n\r\n<p>第一次出門的朋友可以將家中的小板凳或折疊椅帶到營區使用，體積小好收納，雖然舒適度不及專業露營椅，但仍可做為剛入門的替代品使用。</p>\r\n\r\n<p><strong>※進階需求建議</strong></p>\r\n\r\n<p>等到心態進入不露不可的時候，再來細細比較各家椅子的特色和舒適度，價格落差也相當大，端看能力來取捨。常見的椅種包括大川椅、折疊椅等，光是挑張椅子就是一門學問，當然也是樂趣。</p>\r\n\r\n<p><img src=\"/ckfinder/userfiles/files/c1e69f1ea2501b3ee8889d8c7551172173705e3f.jpg\" style=\"height:811px; width:564px\" /></p>\r\n\r\n<p><strong>【冰桶】</strong></p>\r\n\r\n<p>露營的餐點幾乎都是自己料理，所以一個可以保存食材新鮮的冰桶通常是每個家庭的部長大人（老婆）所關心的重點中的重點。市面上的冰桶種類很多，通常都要搭配冰磚或冷媒來發揮其保冷的功效，至於插電式的戶外電冰箱則是另一個等級的裝備了。</p>\r\n\r\n<p><strong>※入門者建議</strong></p>\r\n\r\n<p>傳統的戶外用或釣魚用的冰桶都可以先拿來使用，只要放入保冷材就可以維持至少一天的冷藏效果。</p>\r\n\r\n<p><strong>※進階需求建議</strong></p>\r\n\r\n<p>倘若有機會進行三天兩夜以上的露營活動，則可以考慮五日鮮或十日鮮等級的冰桶，保冷效果可以更持久，空間尺寸也較大。至於所費不眥的戶外電冰箱則可視車載空間大小及預算來衡量是否需要。</p>\r\n\r\n<p> </p>\r\n\r\n<p><strong>【大黑垃圾袋】</strong></p>\r\n\r\n<p>聽起來很不可思議，大黑垃圾袋也是必備的露營裝備？千萬不要懷疑，特別是天氣不穩定的季節，大黑垃圾袋往往是最熱銷的露營裝備，因為一旦收帳時碰上大雨或裝備未乾的狀況，解決方式就是把帳篷、天幕、客廳帳的頂布和邊布塞進大黑垃圾袋中包好，然後帶回家處理。</p>\r\n\r\n<p> </p>\r\n\r\n<p><strong>【衣物與個人盥洗用品】</strong></p>\r\n\r\n<p>玩什麼樣的活動，就穿什麼樣的衣服，露營也是一樣，總不可能穿個小洋裝或是旗袍出門吧！衣物首要考慮的是功能性，再來講究美觀和特色。以夏天為例，吸濕排汗的衣物有其必要性，長袖衣物則是有防曬和防蚊的功能；冬天則要兼顧防風和保暖，洋蔥式的戶外穿著法是不變的基本原則。至於盥洗用品則最好分裝小瓶方便攜帶。</p>\r\n\r\n<p><strong>※入門者建議</strong></p>\r\n\r\n<p>建議可以把家中的衣物依功能分類再帶出，防風型外套則是因應天氣變化的基本保障。</p>\r\n\r\n<p><strong>※進階需求建議</strong></p>\r\n\r\n<p>市面上有很多著重功能又美觀的戶外衣物，可視自己的需求來添購。</p>\r\n', 19, NULL, NULL, '顯示'),
(127, 172, NULL, '4', 'food', '就是愛吃3', '2019-05-28 10:23:46', '2019-05-28 18:01:45', '<p><img alt=\"\" src=\"https://images.unsplash.com/photo-1533086723868-6060511e4168?ixlib=rb-1.2.1&amp;ixid=eyJhcHBfaWQiOjEyMDd9&amp;auto=format&amp;fit=crop&amp;w=635&amp;q=80\" style=\"height:951px; width:635px\" /></p>\n\n<p>就是愛吃3</p>\n', 2, NULL, NULL, '顯示'),
(128, 149, NULL, '6', 'equipments', '裝備分享1', '2019-05-28 10:24:14', '2019-05-28 11:12:34', '<p><img alt=\"\" src=\"https://images.unsplash.com/photo-1526491109672-74740652b963?ixlib=rb-1.2.1&amp;ixid=eyJhcHBfaWQiOjEyMDd9&amp;auto=format&amp;fit=crop&amp;w=1350&amp;q=80\" style=\"height:900px; width:1350px\" /></p>\n\n<p>裝備分享1</p>\n', 4, NULL, NULL, '顯示'),
(129, 151, NULL, '6', 'equipments', '裝備分享2', '2019-05-28 10:24:38', '2019-05-28 11:10:47', '<p><img alt=\"\" src=\"https://images.unsplash.com/photo-1523987355523-c7b5b0dd90a7?ixlib=rb-1.2.1&amp;ixid=eyJhcHBfaWQiOjEyMDd9&amp;auto=format&amp;fit=crop&amp;w=1350&amp;q=80\" style=\"height:901px; width:1350px\" /></p>\n\n<p>裝備分享2</p>\n', 2, NULL, NULL, '顯示'),
(130, 172, NULL, '5', 'equipments', '裝備分享3', '2019-05-28 10:24:58', '2019-05-28 18:03:25', '<p><img alt=\"\" src=\"https://images.unsplash.com/photo-1530541930197-ff16ac917b0e?ixlib=rb-1.2.1&amp;ixid=eyJhcHBfaWQiOjEyMDd9&amp;auto=format&amp;fit=crop&amp;w=1350&amp;q=80\" style=\"height:900px; width:1350px\" /></p>\n\n<p>裝備分享RRRRRR</p>\n\n<p>裝備分享RRRRRR</p>\n\n<p>裝備分享RRRRRR</p>\n\n<p>裝備分享RRRRRR</p>\n\n<p>裝備分享RRRRRR</p>\n\n<p>裝備分享RRRRRR</p>\n\n<p>裝備分享RRRRRR</p>\n\n<p>裝備分享RRRRRR</p>\n\n<p>裝備分享RRRRRR</p>\n\n<p>裝備分享RRRRRR</p>\n\n<p>裝備分享RRRRRR</p>\n\n<p>裝備分享RRRRRR</p>\n\n<p>裝備分享RRRRRR</p>\n\n<p>裝備分享RRRRRR</p>\n\n<p>裝備分享RRRRRR</p>\n\n<p>裝備分享RRRRRR</p>\n\n<p>裝備分享RRRRRR</p>\n\n<p>裝備分享RRRRRR</p>\n\n<p>裝備分享RRRRRR</p>\n\n<p>裝備分享RRRRRR</p>\n', 5, NULL, NULL, '顯示'),
(134, 174, NULL, '4', 'natural', '第一次露營就上手 入住五星級帳篷（苗栗 翩翩泰安）', '2019-05-31 18:48:50', '2019-05-31 18:49:22', '<p><img alt=\"\" src=\"https://pic.pimg.tw/allison1951/1546497232-2899959923_n.jpg\" style=\"height:400px; width:600px\" /></p>\n\n<p>Allison從小到大都不曾露營過，</p>\n\n<p>近年露營話題炒得很熱，很想哪天有機會也去露營。</p>\n\n<p>女兒公司的員工旅遊好巧第二晚就是要去露營。</p>\n\n<p><img alt=\"\" src=\"https://pic.pimg.tw/allison1951/1546497239-1800150556_n.jpg\" style=\"height:400px; width:600px\" /></p>\n\n<p>女兒登記的是奢華的湯屋營帳，</p>\n\n<p>裡面居然有泡湯池，當然大床墊，盥洗用具，</p>\n\n<p>沙發等等一應具全。</p>\n\n<p>入住包含烤乳豬晚餐和早餐，甚至下午茶甜點，</p>\n\n<p>營火晚會？也沒少&hellip;</p>\n\n<p>只是完全不需要貴客自己動手燒烤&hellip;不須自己點燃營火&hellip;.</p>\n\n<p>真的是奢華的露營。</p>\n', 824, NULL, NULL, '顯示'),
(135, 174, NULL, '5', 'friends', 'Let\'s go camping!', '2019-05-31 19:03:19', NULL, '<p><img alt=\"\" src=\"https://pic.pimg.tw/hondayellow/1497079302-2841738775_n.jpg\" style=\"height:338px; width:600px\" /></p>\n\n<p>我們是一班熱愛露營的朋友，亦是一班活潑可愛小朋友的爸爸媽媽。我們最喜歡舉辦露營活動及親子活動。既可以帶著小朋友一起去親近大自然，又可以在漫天星海下，一班人笑笑說說想想，留下最美好的回憶。</p>\n\n<p>我們希望大家可以一起享受露營的樂趣，特別推出租借露營用具的業務，方便大家體驗露營樂趣。來跟我去露營吧！Let&#39;s Go Camping!</p>\n', 135, NULL, NULL, '顯示'),
(136, 174, NULL, '6', 'night', '雲頂之丘 適合小包場的露營場地', '2019-05-31 19:09:16', NULL, '<p><img alt=\"\" src=\"https://pic.pimg.tw/paicj/1558104361-2058323922_n.jpg\" style=\"height:401px; width:600px\" /></p>\n\n<p>位於東勢的露營場，提供露營和包棟民宿，設備完善乾淨。營地四周生態豐富，還有機會可以同時一睹日出、雲海、晚霞、銀河。</p>\n\n<p><img alt=\"\" src=\"https://pic.pimg.tw/paicj/1558089626-1967684351_n.jpg\" style=\"height:401px; width:600px\" /></p>\n\n<p>初到這營地，覺得營地很簡單，但卻不失大自然的美。晨昏時夕陽西下，夜裡的點點星空，和前方若有似無的新社夜景，還挺迷人的。</p>\n\n<p>可惜夕陽落得太快，回到營位準備好相機，圓滾滾的橘色蛋黃，就消失在山脈後方。</p>\n\n<p>只剩momo雄用鏡頭抓到了夕陽西下後帶來的溫暖色澤。</p>\n\n<p>營地的環境很單純，一棟漂亮的民宿(四間房)+上下兩層10帳的營位，很適合親朋好友揪一揪就能全部包場了，想住宿的住宿，想露營地就睡戶外，各取所需。</p>\n\n<p>今日momo雄很貼心的帶了蛋糕上山，幫媽媽們慶祝即將到來的母親節。不得不誇獎，85度c的蛋糕真的越來越好吃。</p>\n\n<p><img alt=\"\" src=\"https://pic.pimg.tw/paicj/1558104362-3188008704_n.jpg\" style=\"height:401px; width:600px\" /></p>\n\n<p>雖只有海拔700，深夜後天空也是繁星點點，營主爸爸為了讓我們欣賞到漂亮的星空，特別關掉戶外電源，半夜11點過後，滿天的星海，陸續出現在眼前。</p>\n\n<p>跟兩位攝影師同露的好處，我便可以收起單眼，偶而當位主角，與銀河同框。</p>\n\n<p><img alt=\"\" src=\"https://pic.pimg.tw/paicj/1558104361-3845602134_n.jpg\" style=\"height:401px; width:600px\" /></p>\n\n<p>&nbsp;</p>\n', 1959, NULL, NULL, '顯示'),
(137, 172, NULL, '6', 'natural', '【露營懶人包】露營消暑營地 (高海拔篇) ★酷熱夏天就是要高海拔', '2019-05-31 19:42:09', NULL, '<p><img alt=\"\" src=\"https://pic.pimg.tw/paicj/1476716710-3828934681_n.jpg\" style=\"height:400px; width:600px\" /></p>\n\n<p>酷熱的夏天，待在海拔不高的環境露營，通常是小汗、大汗留個不停</p>\n\n<p>通常露上一回合，約莫可以瘦身好幾公斤，是減肥的好方式，但卻十分折騰</p>\n\n<p>露營生活裡，上高海拔露營，對我家而言，有時是逃離塵間俗世，有時是避暑</p>\n\n<p><img alt=\"\" src=\"https://pic.pimg.tw/paicj/1476716715-385855901_n.jpg\" style=\"height:450px; width:600px\" /></p>\n\n<p>在生活中，空氣中的熱量主要是由地面的輻射所供給</p>\n\n<p>當我們來到海拔越高的地方、空氣相對越稀薄，因為離地面較遠，獲得地面輻射的熱源就較少，相對溫度就較低</p>\n\n<p>因此來到海拔較高的山上時，便會感受到相較平地較低的溫度</p>\n\n<p>一般而言，每升高100公尺約降低0.6度，因此當我們來到海拔1000公尺以上的高山露營時，溫度約莫降低6度左右</p>\n\n<p>山腳下36度的炙熱，山上26度的舒適，能不舒服嗎！</p>\n\n<p>&nbsp;</p>\n\n<p>在高山上，當空氣夾帶著海面濕度的空氣吹向山區，氣流又受到山勢的阻擋而升高，溫度隨之下降，此時山頭水氣逐漸凝結，而形成飄渺的山嵐或壯闊的雲海</p>\n\n<p><img alt=\"\" src=\"https://pic.pimg.tw/paicj/1547649253-2419208439_n.jpg\" style=\"height:400px; width:600px\" /></p>\n\n<p><a href=\"http://paicj.pixnet.net/blog/post/403699553-%E5%A4%A9%E6%99%B4%E9%87%8E%E8%88%8D\" target=\"_blank\">【露營趣】苗栗.天晴野舍 ★療癒系露營風、簡單的美好 NO.156</a></p>\n\n<p>位於海拔1100公尺，面向大安溪景緻遼闊，營地無太多光害，除了夜裡賞星外，春冬更有機會看見壯闊的雲海大景。</p>\n\n<p><img alt=\"\" src=\"https://pic.pimg.tw/paicj/1529583465-3369743303_n.jpg\" style=\"height:400px; width:600px\" /></p>\n\n<p><a href=\"http://paicj.pixnet.net/blog/post/403136264\" target=\"_blank\">【露營趣】南投.蘇格蘭高地 ★炎炎夏日避暑去、初登合歡山北峰、翻騰的雲海 NO.131</a></p>\n\n<p>海拔約1700公尺，遨遊清境的中繼站，營地視野遼闊，很有歐洲風情。</p>\n\n<p><img alt=\"\" src=\"https://pic.pimg.tw/paicj/1528374932-104855217_n.jpg\" style=\"height:400px; width:600px\" /></p>\n\n<p><a href=\"http://paicj.pixnet.net/blog/post/403083698\" target=\"_blank\">【露營趣】苗栗.鑽石林 ★炎炎夏日避暑去、就是要高海拔賞景放空 NO.130</a></p>\n\n<p>海拔約900公尺，該營地冬季賞雲海，春季賞櫻花，傍晚夕陽更是易見的大景，還可以順遊竹林秘境</p>\n\n<p>&nbsp;</p>\n', 640, NULL, NULL, '顯示'),
(138, 151, NULL, '5', 'family', '露營也要有湛藍海景風情 海邊營地的二三事', '2019-06-01 21:29:01', NULL, '<p><img alt=\"\" src=\"https://pic.pimg.tw/paicj/1440140698-2085128559_n.jpg\" style=\"height:339px; width:600px\" /></p>\n\n<p>海邊露營，是許多露友喜歡追求的景緻，清晨坐在帳篷前喝著咖啡望著太陽從海平面升起，或者看著海天一線的藍色美景，再讓海風輕拂臉龐，又或者看著海邊稀稀疏疏爬上岸的寄居蟹往腳邊邁進，我想這樣的美，唯有海邊營地僅有。<img alt=\"\" src=\"https://pic.pimg.tw/paicj/1500300478-2262171362_n.jpg\" style=\"height:450px; width:600px\" /></p>\n\n<p>海邊搭帳看似很美好，但依舊有需要特別留意之處，整理了幾個基本的狀況：</p>\n\n<p><strong>帳篷搭設：</strong>在海邊搭帳，仍有特別需要留意之處，尤其是遇到天氣不穩定時，更需要注意。在帳篷的選擇上需要考慮結構穩定、抗風性較強的帳篷，或者準備較長的營釘及確實拉好營繩，以抗拒突然颳起的海風。若營地為沙地，則需要事前整平和清理沙地。</p>\n\n<p><strong>搭帳位置：</strong>如果搭帳的位置較靠海邊，則需避開搭在漲潮位置，出發前事前掌握潮汐狀況就顯得很重要，或者問在地人或先觀察詢海水漲潮時會到達的確切位置，避免將帳篷搭在海水漲潮時會涉及的位置。</p>\n\n<p><strong>海邊戲水：</strong>海邊露營，便很容易伴隨戲水問題，除了幫孩子準備好換盥洗衣物外，更需留意海邊暗潮問題，畢竟海邊戲水的危險性比溪水更複雜，特別需要提醒玩水的安全，尤其是沒開發的海水浴場水下可能有看不到的石頭及暗流。除了安全問題，戲水時可以穿著防滑的鞋子，避免被海邊的石頭刮傷腳。<br />\n<br />\n<strong>防曬：</strong>海邊防曬比平地防曬更為重要，建議可以穿薄長袖衣服，或者擦防曬乳，留意防曬乳需每隔兩小時後補擦，若是戲水則需要準備有防水系數的防曬乳。尤其夏季在海邊搭帳，即使有海風吹拂，仍會酷熱感，可以選擇在太陽下山的時候再搭設帳篷，以免中暑。</p>\n\n<p><strong>飲用水：</strong>營地皆為平地，需自備飲用水較為安全，或者攜帶可過濾的水壺(<a href=\"https://paicj.pixnet.net/blog/post/403933220\" target=\"_blank\">直飲壺可參考這篇</a>)。</p>\n\n<p>&nbsp;</p>\n\n<p>露營的這幾年，露續累積的幾個海邊營地，一併提供給大家參考：</p>\n\n<p><img alt=\"\" src=\"https://pic.pimg.tw/paicj/1556810959-2659728988_n.jpg\" style=\"height:400px; width:600px\" /></p>\n\n<p><a href=\"https://paicj.pixnet.net/blog/post/403842386\" target=\"_blank\">【露營趣】新北.碉堡咖啡露營區 ★優質的海景營地、北海岸的旅行</a></p>\n\n<p>木棧板營位外，還有草地、沙坑與遊樂設施供孩子玩樂奔跑，附近景點多，但需留意東北季風的風勢。</p>\n\n<p><img alt=\"\" src=\"https://pic.pimg.tw/paicj/1504711529-1021613129_n.jpg\" style=\"height:450px; width:600px\" /></p>\n\n<p><a href=\"https://paicj.pixnet.net/blog/post/400709801\" target=\"_blank\">【露營趣】屏東.巨石 ★VIP海景第一排、豐富的潮間帶、屏東排隊小吃&nbsp;</a></p>\n\n<p>來海岸很近的營地，搭帳位置皆為沙石地，營區內設有咖啡廳，且規劃有民宿，營地前潮間帶生物非常豐富，周邊浮潛點多。</p>\n', 945, NULL, NULL, '顯示'),
(139, 151, NULL, '6', 'family', '苗栗.高山青農場  浪漫繡球花怒放中', '2019-06-01 21:41:03', NULL, '<p><img alt=\"\" src=\"https://pic.pimg.tw/paicj/1499094876-2638374925_n.jpg\" style=\"height:400px; width:600px\" /></p>\n\n<p>假日不用陪考，臨時可以露營趣，對我而言，是天降下來的禮物</p>\n\n<p>我跟紀老爹說：上次團露取消，無論如何我這禮拜一定要去高山青看繡球花</p>\n\n<p>打了N通電話，都沒人接，接通了，沒位置。</p>\n\n<p>我只好淡淡地對營主說：那我最後一天再打，應該有人釋出吧！營主卻笑而不答</p>\n\n<p>最後幾日，每天每天，我都會對紀老爹說：我一定要去高山青，我一定要去高山青</p>\n\n<p>多位露友的幫忙，但還是沒成功，全都團露包場</p>\n\n<p>最後一晚，露友傳來天候不佳因素，某團傳來取消的訊息，天再次降下禮物</p>\n\n<p>大風大雨我都不怕，我就是要去高山青 (超固執)</p>\n\n<p>前一晚終於訂到位置了，馬上收拾行李~~</p>\n\n<p>YA！高山青、繡球花我來了</p>\n\n<p><img alt=\"\" src=\"https://pic.pimg.tw/paicj/1499092773-3408870014_n.jpg\" style=\"height:400px; width:600px\" /></p>\n\n<p>孩子慢慢長大了，越來越懂事，出來露營我也越來越輕鬆</p>\n\n<p>總是有人幫忙洗碗，幫忙切菜、幫忙料理</p>\n\n<p>我的工作越來越少，再這樣下去被需要感也逐漸降低啦~~</p>\n\n<p><img alt=\"\" src=\"https://pic.pimg.tw/paicj/1499091105-417788860_n.jpg\" style=\"height:450px; width:600px\" /></p>\n\n<p>每每露營結束後，靜下心來寫部落格，是一場露營趣的回憶</p>\n\n<p>這裡的故事，是一家四口的露營生活，也是陪伴孩子成長的過程。</p>\n\n<p>Angela一直是位樂觀知足的人，總覺得，心境大於一切事物，不喜歡隨環境起舞。</p>\n\n<p>在眼中，那怕一點小漣漪，都覺得很美好。</p>\n\n<p>謝謝大家的賞文，與鼓勵。</p>\n\n<p>然，營地的介紹只是個人當天的露營心境與回憶，並無介入營主的經營，</p>\n\n<p>有興趣的朋友還是需以營主的說明和親身體驗為主喔！</p>\n\n<p>期盼，每個人都有多場美麗的露營體驗。</p>\n', 1845, NULL, NULL, '顯示'),
(140, 151, NULL, '5', 'natural', '五星的自然營地勝過五星的衛浴，樹意盎然、生態', '2019-06-01 21:44:07', NULL, '<p>到底是五星自然環境重要，還是五星衛浴重要</p>\n\n<p>很多露營界的老手總是選擇前者</p>\n\n<p>他們的經驗告訴我，五星衛浴只要你花錢隨處可見</p>\n\n<p>五星的自然環境，卻十足難得</p>\n\n<p>&nbsp;</p>\n\n<p>這次拜訪北得拉曼，原是去年10月份的安排</p>\n\n<p>陰錯陽差，地點由新竹改到桃園，錯失一睹風采的機會</p>\n\n<p>親訪這營地的念頭一直懸在心的角落</p>\n\n<p><img alt=\"\" src=\"https://pic.pimg.tw/paicj/1463643337-690897370_n.jpg\" style=\"height:386px; width:600px\" /></p>\n\n<p>晚上7：00，熄燈賞螢活動</p>\n\n<p>整個營地處處可見閃閃亮光</p>\n\n<p>沿路走探，就屬北得拉曼的入口處數量較多</p>\n\n<p>本週，可說是高山地區的螢火蟲季啊</p>\n\n<p>可惜的是，很多賞螢的小朋友們，動手去抓</p>\n\n<p>還來不急拍攝，很多螢火蟲都紛紛嚇的躲入草叢間</p>\n\n<p>賞了多次螢火蟲的老公和小寶貝完全不為所動的享受晚餐</p>\n\n<p>只有我，繼續扛著相機，練習捕捉不畏孩童嬉鬧的綠光畫面</p>\n\n<p><img alt=\"\" src=\"https://pic.pimg.tw/paicj/1463643338-4252437334_n.jpg\" style=\"height:390px; width:600px\" /></p>\n', 609, NULL, NULL, '顯示'),
(141, 175, NULL, '5', 'equipments', '第六露開新帳，峰迴路轉擊敗眾多小孩的鹿林道', '2019-06-01 22:01:51', NULL, '<p><img alt=\"\" src=\"https://www.lulin.com.tw/image/blog_013.jpg\" style=\"height:450px; width:600px\" /></p>\n\n<p>我不是在露營，就是在前往營地的路上</p>\n\n<p>或是在網路買露營器具&hellip;&hellip;.</p>\n\n<p>&nbsp;</p>\n\n<p>第六露的重點就在於開新帳！！</p>\n\n<p>已經習慣夜衝的我們，這次也不例外</p>\n\n<p>對於夜衝我們逐漸摸索出一定的SOP</p>\n\n<p>一般來說，我週五會請假，白天開始慢慢上裝備</p>\n\n<p>傍晚到補習班接三個小孩下課之後，直接上高速公路</p>\n\n<p>目前為止主要都挑選竹苗一帶的營地，車程大約2個小時</p>\n\n<p>話說上次喜鋪家到南投露營，開了6個小時</p>\n\n<p>開車開到有人公狗腰變成的很靠腰</p>\n\n<p>因此我們決定以後露營最遠就是苗栗</p>\n\n<p><img alt=\"\" src=\"https://www.kingbabytw.com/blog/wp-content/uploads/2018/05/64.jpg\" style=\"height:720px; width:960px\" /></p>\n\n<p>最裡面睡帳2大3小睡得很舒適</p>\n\n<p>自己的睡起來真爽，乾乾淨淨，一覺到天明</p>\n\n<p>真的是天明，太陽5點多冒出頭，小人6點就起床&hellip;.</p>\n\n<p>這群小人太愛露營，想要把握每分每秒</p>\n\n<p>根本睡不晚，太陽一出來就想起來玩耍</p>\n\n<p><img src=\"https://www.kingbabytw.com/blog/wp-content/uploads/2018/05/48.jpg\" /></p>\n\n<p>為什麼說峰迴路轉擊倒眾多小人</p>\n\n<p>因為從平地上來到這，大約要開40分鐘的山路</p>\n\n<p>一路蜿蜒，車子轉來彎去，開車的人一路小心翼翼</p>\n\n<p>還要留意多次被後頭騎摩托車的原住民朋友按喇叭，示意要超車</p>\n\n<p>然後不少小朋友就暈車了</p>\n\n<p>&nbsp;</p>\n', 322, NULL, NULL, '顯示'),
(142, 149, NULL, '5', 'friends', '我的天空城堡，值得拜訪的露營區', '2019-06-01 22:14:59', NULL, '<p><img alt=\"\" src=\"https://pic.pimg.tw/paicj/1511960366-525268397_n.jpg\" style=\"height:400px; width:600px\" /></p>\n\n<p>不論白天或黑夜，這營地總能讓我的相機快門按個不停</p>\n\n<p>坐在草地上，對望著遠處的山峰，彷彿我徒步翻山越嶺與山同高</p>\n\n<p>真想就這樣住下來，賴著不想走</p>\n\n<p>可惜口袋不夠深啊~~</p>\n\n<p><img alt=\"\" src=\"https://pic.pimg.tw/paicj/1511960370-2068910888_n.jpg\" style=\"height:400px; width:600px\" /></p>\n\n<p>這次團露，有很多網路、line的朋友，感到特別親切</p>\n\n<p>走在營地裡，到處用腦袋搜尋雲端世界裡的記憶與圖像，四處哈拉 (沒打到招呼的，千萬別介意)</p>\n\n<p>露友裡，有貼心幫大家做麵包的、煮油飯的、買深坑臭豆腐的，著實讓我這一露可以慵懶</p>\n\n<p>&nbsp;</p>\n\n<p>昨晚夜拍凌晨一點才睡，早上不到六點，又爬起來堵雲海</p>\n\n<p>這樣操勞，莫怪皮膚老化嚴重，白頭髮增生</p>\n\n<p>所幸，老天爺偶有眷顧，C區方向的雲海慢慢湧現&nbsp;</p>\n\n<p>雖只是曇花一現，但無雨確有景，夠了</p>\n', 591, NULL, NULL, '顯示'),
(143, 149, NULL, '4', 'natural', '台中.武陵農場 櫻花唯美綻放', '2019-06-01 22:33:21', NULL, '<p><img alt=\"\" src=\"https://pic.pimg.tw/paicj/1520610455-3546105287_n.jpg\" style=\"height:400px; width:600px\" /></p>\n\n<p>早在武陵櫻花季營位開放登記時，主角磨練各種作戰計畫，但拜在手殘搶不到位置而落馬悔恨。</p>\n\n<p>但，毅力堅強不願意服輸的主角，賞櫻的念頭卻不斷萌芽滋長，終於被他盼到有人跳馬(釋出營位)，主角苦等整個月，一見時機成熟，就在對方左腳初下馬時，主角立刻使出渾身解數，馬上用力跨上馬背。</p>\n\n<p>於是.......主角發現到......搶到的馬只跑週日場.....</p>\n\n<p>但，故事還是得....走.....下......去.......</p>\n', 2778, NULL, NULL, '顯示'),
(144, 149, NULL, '4', 'food', '邁向新式露營風格，免裝備野遊體驗', '2019-06-01 22:37:04', NULL, '<p><img alt=\"\" src=\"https://pic.pimg.tw/paicj/1527773783-1237759969_n.jpg\" style=\"height:400px; width:600px\" /></p>\n\n<p>(Glamping一字源於glamorous camping，意為豪華露營，兩大發源地為澳洲及非洲，將以往較日常生活不便的原野體驗昇華至如同度假一般的享受，包含帳篷、客艙、樹屋、蒙古包、木屋、露營車等住宿類型，以舒適乾淨又方便的體驗，一改對於戶外活動的定義與印象。)</p>\n\n<p><img alt=\"IMG_8885.JPG\" src=\"https://pic.pimg.tw/paicj/1527773898-2943223265_n.jpg\" /></p>\n\n<p>這兩年全台各地紛紛興起豪華露營風氣，特色就是不用自己搭帳篷，省去炊煮，只要簡單帶上幾個裝備，舒適的前往參加露營體驗，便能享受睡在星空下的樂趣。</p>\n\n<p>這樣的形式，對新手而言很好入手，也可以讓長輩一起輕鬆享受露營樂趣，對我而言，偶而揪個三五好友一起享受野奢的全新感受也很棒。</p>\n\n<p>露營不設限，可以不花一毛費盡心思野營去，也可以享受被人寵愛的服務。</p>\n', 1135, NULL, NULL, '顯示'),
(145, 175, NULL, '6', 'food', '[露營食譜]又簡單、又懶惰、又營養的壽喜燒', '2019-06-02 00:56:38', NULL, '<p><img alt=\"\" src=\"https://farm2.static.flickr.com/1602/24789484146_d00e83c769_c.jpg\" style=\"height:533px; width:800px\" /></p>\n\n<p>壽喜燒是很受大人小孩歡迎的料理。做壽喜燒實在是簡單到不行。唯一不夠懶惰的地方，就是需要自己洗菜、切菜。&nbsp;<br />\n吃壽喜燒，只要配上一鍋白飯，就能讓人扒飯好幾碗。&nbsp;<br />\n我自己是習慣卡式爐先拿來<a href=\"http://2camp.blogspot.tw/2017/02/boiled-rice.html\" target=\"_blank\">煮白飯</a>，煮好悶在那裏，就開始弄壽喜燒，等壽喜燒煮好，飯也好囉！&nbsp;<br />\n煮白飯其實也不難，看著<a href=\"http://2camp.blogspot.tw/2017/02/boiled-rice.html\" target=\"_blank\">教學文</a>(<a href=\"http://2camp.blogspot.tw/2017/02/boiled-rice.html\" target=\"_blank\">點我</a>)保證一次成功啦！&nbsp;<br />\n<br />\n●料理方法：&nbsp;<br />\n醬油+味霖+清酒(或米酒、或水)=1:1:1的比例放到鍋子裡煮滾，&nbsp;<br />\n煮滾後可以先試一下味道，太鹹再視個人口味加水。&nbsp;<br />\n講究一點的人可以直接買外面賣的壽喜燒醬汁，也省去調味的麻煩，&nbsp;<br />\n或是加上柴魚片或洋蔥等讓醬汁味道更豐富。&nbsp;<br />\n<br />\n醬汁完成後，&nbsp;<br />\n基本上愛煮什麼就煮什麼，&nbsp;<br />\n煮的過程中如果醬汁變少，需要鹹一點就加醬油，需要甜一點就加味霖，太鹹太甜就加水，一整個簡單到不行啊！&nbsp;</p>\n', 724, NULL, NULL, '顯示'),
(146, 175, NULL, '5', 'food', '冬天露營就是要吃關東煮唷', '2019-06-02 00:59:38', '2019-06-02 01:19:22', '<p><img src=\"https://farm5.static.flickr.com/4770/39160742645_86d72c10c5_c.jpg\" />冷冷的冬天，如果能來一碗熱騰騰的關東煮，或是一鍋大人口味的麻辣燙真是再美好不過了！&nbsp;<br />\r\n其實關東煮的湯頭簡單到不行，愛健康的人用天然的蔬菜代替關東煮配料，&nbsp;<br />\r\n也能吃的營養又健康喔！&nbsp;</p>\r\n\r\n<p><img src=\"https://farm5.static.flickr.com/4659/28076535749_47ae70dae1_c.jpg\" /></p>\r\n\r\n<p>關東煮湯頭的材料有：<strong>昆布1-2段</strong>、<strong>乾香菇數個</strong>、<strong>鰹魚粉1-2湯匙</strong>。&nbsp;<br />\r\n沒錯！就這麼簡單！我自己是在超市找到這款聯華的鰹魚風味粉，標榜沒有添加化學添加物，吃起來更覺得安心呢！&nbsp;<br />\r\n<img src=\"https://farm5.static.flickr.com/4697/39145741424_0fa154fa29_c.jpg\" /></p>\r\n\r\n<p>如果你也喜歡吃白蘿蔔，那就再切一點白蘿蔔下去跟上面的湯頭材料一起煮滾煮軟，你的關東煮湯頭就完成了！&nbsp;<br />\r\n剩下只要加入冷凍的關東煮配料，或是天然的蔬菜等，就是一鍋討喜的關東煮了！&nbsp;<br />\r\n&nbsp;</p>\r\n', 948, NULL, NULL, '顯示'),
(147, 175, NULL, '6', 'equipments', '[露營裝備] 焚火台 CAMPLAND RV-ST361 - 荷蘭鍋的好夥伴', '2019-06-02 01:02:41', '2019-06-02 01:03:21', '<p><img src=\"https://farm6.static.flickr.com/5668/30953899346_993485bae1_c.jpg\" /></p>\n\n<p>在野外露營就是要升火烤肉，這是以前我對露營的刻板印象，但也蠻符合野外生活的情況<br />\n只是現在露營區水電設施充足，卡式爐使用方便，焚火台反倒是比較少見<br />\n實際上，焚火台除了能烤肉之外，有荷蘭鍋的人更是不能錯過喔!<br />\n<img src=\"https://farm6.static.flickr.com/5690/30953900786_83757befd3_c.jpg\" /></p>\n\n<p>在網路上做功課後，發現許多人推薦這款CAMP LAND RV-ST361，就順手把它帶回家了，先來看一下它的開箱照吧!<br />\n<img src=\"https://farm6.static.flickr.com/5547/30953898766_2bd19cf8a1_c.jpg\" /></p>\n\n<p>第一次啟用焚火台，讓小黑操刀升火，用原始的方式，集眾人之力，成功升火! 也才知道升火也有這麼多學問~&nbsp;<br />\n首先要準備不同的燃材，分為小中大，最小的燃材要用刀子削成細碎狀，使之點火時能快速點燃&nbsp;<br />\n中燃材則為富含油脂的易燃物，如松果、枯葉，接續點燃之火力，提高燃燒溫度&nbsp;<br />\n最後添加大燃材，如竹片木材，使點燃之火能長時間燃燒，如此升火才算是圓滿成功!</p>\n\n<p><img src=\"https://farm6.static.flickr.com/5617/31251829791_7652653659_c.jpg\" /></p>\n\n<p>烤雞出爐~~&nbsp; 香氣四溢，已讓人口水狂流&nbsp;<br />\n現烤的雞肉，鮮嫩多汁，皮脆肉軟，加上小白獨家醃製的好味道<br />\n不到3分鐘，雞肉被一掃而空&hellip;<br />\n&nbsp;</p>\n', 129, NULL, NULL, '顯示'),
(148, 175, NULL, '4', 'family', '福隆沙雕藝術季、獨木舟初體驗、愛上桃源谷大草原', '2019-06-02 01:10:41', NULL, '<p><img alt=\"IMG_5267.JPG\" src=\"https://pic.pimg.tw/paicj/1500281922-2190989487_n.jpg\" /></p>\n\n<p>一趟豐富又美好的露程</p>\n\n<p>頭一次往東北角露營，很期待</p>\n\n<p>期待未知的台灣角落，更期待今天的獨木舟行程</p>\n\n<p>更更更.........期待............猛男教練的指導教學</p>\n\n<p>&nbsp;</p>\n\n<p>台灣果然是個四面環海的美麗寶島</p>\n\n<p>沿途，美麗的海景讓人很驚艷</p>\n\n<p>無須千里迢迢跑到墾丁或東海岸線，東北部的海岸有著農村的純樸之美</p>\n', 756, NULL, NULL, '顯示'),
(149, 175, NULL, '4', 'equipments', 'Aeromoov輕便型遊戲床-秒開收戶外型嬰兒床', '2019-06-03 10:10:57', NULL, '<p><img src=\"https://farm1.static.flickr.com/894/42311600911_4712e39799_c.jpg\" /></p>\r\n\r\n<p>帶北鼻出門露營最怕的就是一直要抱著他，沒辦法好好做自己的事情，&nbsp;<br />\r\n甚至怕北鼻在外頭被蚊子咬，一定要進帳篷照顧他，&nbsp;<br />\r\n或是太陽直射/斜射帳篷，北鼻無處可躲，又要怎麼辦？&nbsp;<br />\r\n今天要跟大家介紹一個很厲害的產品，所有煩惱一下子就讓人拋在腦後喔！</p>\r\n\r\n<p>&nbsp;</p>\r\n', 653, NULL, NULL, '顯示');

-- --------------------------------------------------------

--
-- 資料表結構 `tbl_tasks`
--

CREATE TABLE `tbl_tasks` (
  `id` int(11) NOT NULL,
  `task_name` text NOT NULL
) ENGINE=InnoDB DEFAULT CHARSET=utf8;

--
-- 資料表的匯出資料 `tbl_tasks`
--

INSERT INTO `tbl_tasks` (`id`, `task_name`) VALUES
(1, 'react'),
(2, 'node');

--
-- 已匯出資料表的索引
--

--
-- 資料表索引 `admins`
--
ALTER TABLE `admins`
  ADD PRIMARY KEY (`sid`),
  ADD UNIQUE KEY `admin_id` (`admin_id`);

--
-- 資料表索引 `campsite_image`
--
ALTER TABLE `campsite_image`
  ADD PRIMARY KEY (`campImg_id`);

--
-- 資料表索引 `campsite_liked`
--
ALTER TABLE `campsite_liked`
  ADD PRIMARY KEY (`id`);

--
-- 資料表索引 `campsite_list`
--
ALTER TABLE `campsite_list`
  ADD PRIMARY KEY (`camp_id`);

--
-- 資料表索引 `campsite_order`
--
ALTER TABLE `campsite_order`
  ADD PRIMARY KEY (`order_id`);

--
-- 資料表索引 `campsite_type`
--
ALTER TABLE `campsite_type`
  ADD PRIMARY KEY (`campArea_id`);

--
-- 資料表索引 `coupon`
--
ALTER TABLE `coupon`
  ADD PRIMARY KEY (`coupon_id`),
  ADD UNIQUE KEY `code` (`coupon_code`);

--
-- 資料表索引 `coupon_gain`
--
ALTER TABLE `coupon_gain`
  ADD PRIMARY KEY (`gain_record_id`);

--
-- 資料表索引 `coupon_genre`
--
ALTER TABLE `coupon_genre`
  ADD PRIMARY KEY (`coupon_genre_id`);

--
-- 資料表索引 `dis_type`
--
ALTER TABLE `dis_type`
  ADD PRIMARY KEY (`id`);

--
-- 資料表索引 `event_applylist`
--
ALTER TABLE `event_applylist`
  ADD PRIMARY KEY (`applyList_id`);

--
-- 資料表索引 `event_applyorder`
--
ALTER TABLE `event_applyorder`
  ADD PRIMARY KEY (`apply_id`);

--
-- 資料表索引 `event_feedback`
--
ALTER TABLE `event_feedback`
  ADD PRIMARY KEY (`eventFB_id`);

--
-- 資料表索引 `event_list`
--
ALTER TABLE `event_list`
  ADD PRIMARY KEY (`event_id`);

--
-- 資料表索引 `host_infolist`
--
ALTER TABLE `host_infolist`
  ADD PRIMARY KEY (`host_id`),
  ADD UNIQUE KEY `host_account` (`host_account`);

--
-- 資料表索引 `host_list`
--
ALTER TABLE `host_list`
  ADD PRIMARY KEY (`host_id`);

--
-- 資料表索引 `host_paymenttype`
--
ALTER TABLE `host_paymenttype`
  ADD PRIMARY KEY (`host_paymentTypeId`);

--
-- 資料表索引 `issue_condi`
--
ALTER TABLE `issue_condi`
  ADD PRIMARY KEY (`issue_condi`);

--
-- 資料表索引 `location_citylist`
--
ALTER TABLE `location_citylist`
  ADD PRIMARY KEY (`city_id`);

--
-- 資料表索引 `location_distlist`
--
ALTER TABLE `location_distlist`
  ADD PRIMARY KEY (`dist_id`);

--
-- 資料表索引 `member_level`
--
ALTER TABLE `member_level`
  ADD PRIMARY KEY (`mem_level`);

--
-- 資料表索引 `member_list`
--
ALTER TABLE `member_list`
  ADD PRIMARY KEY (`mem_id`),
  ADD UNIQUE KEY `mem_account` (`mem_account`) USING BTREE;

--
-- 資料表索引 `promo_apply`
--
ALTER TABLE `promo_apply`
  ADD PRIMARY KEY (`promo_apply_id`);

--
-- 資料表索引 `promo_camptype`
--
ALTER TABLE `promo_camptype`
  ADD PRIMARY KEY (`promo_id`),
  ADD UNIQUE KEY `user_level` (`requirement`);

--
-- 資料表索引 `promo_price`
--
ALTER TABLE `promo_price`
  ADD PRIMARY KEY (`promo_id`),
  ADD UNIQUE KEY `user_level` (`requirement`);

--
-- 資料表索引 `promo_user`
--
ALTER TABLE `promo_user`
  ADD PRIMARY KEY (`promo_id`),
  ADD UNIQUE KEY `user_level` (`requirement`);

--
-- 資料表索引 `salebrand`
--
ALTER TABLE `salebrand`
  ADD PRIMARY KEY (`salebrand_id`);

--
-- 資料表索引 `salecategory`
--
ALTER TABLE `salecategory`
  ADD PRIMARY KEY (`salecate_id`);

--
-- 資料表索引 `saleimage`
--
ALTER TABLE `saleimage`
  ADD PRIMARY KEY (`saleimg_id`);

--
-- 資料表索引 `salepage`
--
ALTER TABLE `salepage`
  ADD PRIMARY KEY (`salepage_id`);

--
-- 資料表索引 `share_category`
--
ALTER TABLE `share_category`
  ADD PRIMARY KEY (`cate_id`);

--
-- 資料表索引 `share_post`
--
ALTER TABLE `share_post`
  ADD PRIMARY KEY (`post_id`);

--
-- 資料表索引 `tbl_tasks`
--
ALTER TABLE `tbl_tasks`
  ADD PRIMARY KEY (`id`);

--
-- 在匯出的資料表使用 AUTO_INCREMENT
--

--
-- 使用資料表 AUTO_INCREMENT `admins`
--
ALTER TABLE `admins`
  MODIFY `sid` int(11) NOT NULL AUTO_INCREMENT COMMENT '流水號', AUTO_INCREMENT=3;

--
-- 使用資料表 AUTO_INCREMENT `campsite_image`
--
ALTER TABLE `campsite_image`
  MODIFY `campImg_id` int(11) NOT NULL AUTO_INCREMENT COMMENT '圖片編號', AUTO_INCREMENT=288;

--
-- 使用資料表 AUTO_INCREMENT `campsite_liked`
--
ALTER TABLE `campsite_liked`
  MODIFY `id` int(11) NOT NULL AUTO_INCREMENT, AUTO_INCREMENT=44;

--
-- 使用資料表 AUTO_INCREMENT `campsite_list`
--
ALTER TABLE `campsite_list`
  MODIFY `camp_id` int(11) NOT NULL AUTO_INCREMENT COMMENT '營地編號', AUTO_INCREMENT=51;

--
-- 使用資料表 AUTO_INCREMENT `campsite_order`
--
ALTER TABLE `campsite_order`
  MODIFY `order_id` int(11) NOT NULL AUTO_INCREMENT COMMENT '訂單編號', AUTO_INCREMENT=21;

--
-- 使用資料表 AUTO_INCREMENT `campsite_type`
--
ALTER TABLE `campsite_type`
  MODIFY `campArea_id` int(11) NOT NULL AUTO_INCREMENT COMMENT '營區區域編號', AUTO_INCREMENT=125;

--
-- 使用資料表 AUTO_INCREMENT `coupon`
--
ALTER TABLE `coupon`
  MODIFY `coupon_id` int(11) NOT NULL AUTO_INCREMENT, AUTO_INCREMENT=115;

--
-- 使用資料表 AUTO_INCREMENT `coupon_gain`
--
ALTER TABLE `coupon_gain`
  MODIFY `gain_record_id` int(11) NOT NULL AUTO_INCREMENT, AUTO_INCREMENT=334;

--
-- 使用資料表 AUTO_INCREMENT `coupon_genre`
--
ALTER TABLE `coupon_genre`
  MODIFY `coupon_genre_id` int(11) NOT NULL AUTO_INCREMENT, AUTO_INCREMENT=84;

--
-- 使用資料表 AUTO_INCREMENT `dis_type`
--
ALTER TABLE `dis_type`
  MODIFY `id` int(11) NOT NULL AUTO_INCREMENT, AUTO_INCREMENT=3;

--
-- 使用資料表 AUTO_INCREMENT `event_applylist`
--
ALTER TABLE `event_applylist`
  MODIFY `applyList_id` int(11) NOT NULL AUTO_INCREMENT, AUTO_INCREMENT=162;

--
-- 使用資料表 AUTO_INCREMENT `event_feedback`
--
ALTER TABLE `event_feedback`
  MODIFY `eventFB_id` int(11) NOT NULL AUTO_INCREMENT, AUTO_INCREMENT=4;

--
-- 使用資料表 AUTO_INCREMENT `event_list`
--
ALTER TABLE `event_list`
  MODIFY `event_id` int(11) NOT NULL AUTO_INCREMENT, AUTO_INCREMENT=25;

--
-- 使用資料表 AUTO_INCREMENT `host_infolist`
--
ALTER TABLE `host_infolist`
  MODIFY `host_id` int(11) NOT NULL AUTO_INCREMENT COMMENT 'id', AUTO_INCREMENT=101;

--
-- 使用資料表 AUTO_INCREMENT `host_list`
--
ALTER TABLE `host_list`
  MODIFY `host_id` int(11) NOT NULL AUTO_INCREMENT COMMENT '流水號', AUTO_INCREMENT=12;

--
-- 使用資料表 AUTO_INCREMENT `host_paymenttype`
--
ALTER TABLE `host_paymenttype`
  MODIFY `host_paymentTypeId` int(11) NOT NULL AUTO_INCREMENT COMMENT '流水號', AUTO_INCREMENT=3;

--
-- 使用資料表 AUTO_INCREMENT `issue_condi`
--
ALTER TABLE `issue_condi`
  MODIFY `issue_condi` int(11) NOT NULL AUTO_INCREMENT, AUTO_INCREMENT=4;

--
-- 使用資料表 AUTO_INCREMENT `location_citylist`
--
ALTER TABLE `location_citylist`
  MODIFY `city_id` int(11) NOT NULL AUTO_INCREMENT COMMENT 'id', AUTO_INCREMENT=23;

--
-- 使用資料表 AUTO_INCREMENT `location_distlist`
--
ALTER TABLE `location_distlist`
  MODIFY `dist_id` int(11) NOT NULL AUTO_INCREMENT, AUTO_INCREMENT=369;

--
-- 使用資料表 AUTO_INCREMENT `member_level`
--
ALTER TABLE `member_level`
  MODIFY `mem_level` int(11) NOT NULL AUTO_INCREMENT, AUTO_INCREMENT=4;

--
-- 使用資料表 AUTO_INCREMENT `member_list`
--
ALTER TABLE `member_list`
  MODIFY `mem_id` int(11) NOT NULL AUTO_INCREMENT COMMENT '流水號', AUTO_INCREMENT=193;

--
-- 使用資料表 AUTO_INCREMENT `promo_apply`
--
ALTER TABLE `promo_apply`
  MODIFY `promo_apply_id` int(11) NOT NULL AUTO_INCREMENT, AUTO_INCREMENT=76;

--
-- 使用資料表 AUTO_INCREMENT `promo_camptype`
--
ALTER TABLE `promo_camptype`
  MODIFY `promo_id` int(11) NOT NULL AUTO_INCREMENT, AUTO_INCREMENT=8;

--
-- 使用資料表 AUTO_INCREMENT `promo_price`
--
ALTER TABLE `promo_price`
  MODIFY `promo_id` int(11) NOT NULL AUTO_INCREMENT, AUTO_INCREMENT=4;

--
-- 使用資料表 AUTO_INCREMENT `promo_user`
--
ALTER TABLE `promo_user`
  MODIFY `promo_id` int(11) NOT NULL AUTO_INCREMENT, AUTO_INCREMENT=25;

--
-- 使用資料表 AUTO_INCREMENT `salebrand`
--
ALTER TABLE `salebrand`
  MODIFY `salebrand_id` int(11) NOT NULL AUTO_INCREMENT COMMENT '商品品牌流水號', AUTO_INCREMENT=5;

--
-- 使用資料表 AUTO_INCREMENT `salecategory`
--
ALTER TABLE `salecategory`
  MODIFY `salecate_id` int(11) NOT NULL AUTO_INCREMENT COMMENT '商品分類流水號', AUTO_INCREMENT=6;

--
-- 使用資料表 AUTO_INCREMENT `saleimage`
--
ALTER TABLE `saleimage`
  MODIFY `saleimg_id` int(11) NOT NULL AUTO_INCREMENT COMMENT '圖片流水號';

--
-- 使用資料表 AUTO_INCREMENT `salepage`
--
ALTER TABLE `salepage`
  MODIFY `salepage_id` int(11) NOT NULL AUTO_INCREMENT COMMENT '商品流水號', AUTO_INCREMENT=163;

--
-- 使用資料表 AUTO_INCREMENT `share_category`
--
ALTER TABLE `share_category`
  MODIFY `cate_id` int(11) NOT NULL AUTO_INCREMENT, AUTO_INCREMENT=7;

--
-- 使用資料表 AUTO_INCREMENT `share_post`
--
ALTER TABLE `share_post`
  MODIFY `post_id` int(11) NOT NULL AUTO_INCREMENT, AUTO_INCREMENT=150;

--
-- 使用資料表 AUTO_INCREMENT `tbl_tasks`
--
ALTER TABLE `tbl_tasks`
  MODIFY `id` int(11) NOT NULL AUTO_INCREMENT, AUTO_INCREMENT=3;
COMMIT;

/*!40101 SET CHARACTER_SET_CLIENT=@OLD_CHARACTER_SET_CLIENT */;
/*!40101 SET CHARACTER_SET_RESULTS=@OLD_CHARACTER_SET_RESULTS */;
/*!40101 SET COLLATION_CONNECTION=@OLD_COLLATION_CONNECTION */;
